2299,FALSE
153,TRUE
397,TRUE
5623,TRUE
5875,TRUE
3346,FALSE
6930,FALSE
6367,TRUE
1434,TRUE
4470,FALSE
5122,FALSE
4790,TRUE
4919,TRUE
575,FALSE
639,FALSE
7012,TRUE
6445,FALSE
1170,TRUE
326,TRUE
4956,FALSE
2639,TRUE
5028,TRUE
6277,TRUE
6784,TRUE
49,TRUE
4526,FALSE
4108,FALSE
1171,FALSE
2568,FALSE
5731,TRUE
1760,TRUE
6707,TRUE
2019,FALSE
634,TRUE
4670,TRUE
2399,TRUE
5737,FALSE
6974,FALSE
6919,FALSE
240,TRUE
5646,FALSE
158,TRUE
3298,TRUE
2354,FALSE
1161,FALSE
1869,TRUE
3499,TRUE
5655,FALSE
5295,TRUE
6468,TRUE
3872,FALSE
5676,FALSE
72,FALSE
544,FALSE
4228,TRUE
2430,TRUE
2677,FALSE
576,TRUE
5986,FALSE
3707,FALSE
809,TRUE
593,FALSE
2456,TRUE
6911,FALSE
3362,TRUE
7101,TRUE
7060,TRUE
6080,FALSE
5771,TRUE
5914,FALSE
6794,TRUE
3361,TRUE
3260,TRUE
936,TRUE
3837,FALSE
2233,TRUE
4568,FALSE
3468,TRUE
5540,FALSE
6304,TRUE
3284,TRUE
1376,FALSE
4702,TRUE
6480,TRUE
5021,TRUE
6756,TRUE
2533,TRUE
6062,TRUE
5956,FALSE
5768,TRUE
1636,TRUE
1524,TRUE
1385,TRUE
119,TRUE
3213,TRUE
4487,TRUE
839,FALSE
6165,TRUE
1150,FALSE
701,TRUE
1794,FALSE
3998,TRUE
4923,FALSE
542,TRUE
7074,FALSE
4315,TRUE
1481,TRUE
5915,FALSE
948,TRUE
799,FALSE
6513,TRUE
413,TRUE
3811,TRUE
7055,FALSE
1923,TRUE
5383,TRUE
1920,TRUE
3555,FALSE
6861,FALSE
1893,TRUE
5490,TRUE
3977,FALSE
2265,TRUE
661,TRUE
4449,TRUE
5038,FALSE
6720,FALSE
3714,TRUE
260,FALSE
4330,FALSE
3957,FALSE
1664,TRUE
3209,FALSE
5888,TRUE
2453,TRUE
5720,FALSE
38,FALSE
5594,FALSE
4460,TRUE
4958,TRUE
77,TRUE
6752,TRUE
6945,TRUE
3678,TRUE
875,TRUE
3551,TRUE
4273,FALSE
6220,FALSE
4999,TRUE
4537,TRUE
465,TRUE
4971,TRUE
6276,TRUE
2540,TRUE
2412,TRUE
1596,FALSE
1766,FALSE
6077,FALSE
2433,TRUE
1206,FALSE
1922,TRUE
2933,TRUE
6007,TRUE
4230,TRUE
6556,TRUE
2675,TRUE
2203,FALSE
5471,TRUE
3593,FALSE
1019,FALSE
257,FALSE
366,TRUE
1063,TRUE
5924,TRUE
27,FALSE
6240,FALSE
7022,TRUE
0,TRUE
2603,TRUE
2993,TRUE
5522,FALSE
2309,FALSE
4815,TRUE
36,FALSE
5984,FALSE
1037,TRUE
2915,FALSE
1122,TRUE
2435,FALSE
2990,TRUE
6859,TRUE
1590,TRUE
422,FALSE
4000,FALSE
1603,TRUE
5767,FALSE
911,TRUE
3316,FALSE
2747,FALSE
2361,FALSE
2599,TRUE
1048,FALSE
4710,TRUE
6937,FALSE
1247,FALSE
1817,TRUE
5815,TRUE
172,FALSE
6332,FALSE
7015,TRUE
6325,TRUE
6843,TRUE
393,TRUE
222,TRUE
4817,FALSE
4055,TRUE
3026,FALSE
3968,TRUE
3412,FALSE
3446,FALSE
2693,FALSE
4473,TRUE
579,TRUE
225,FALSE
3409,FALSE
4190,TRUE
437,TRUE
6479,TRUE
1846,TRUE
6989,TRUE
6086,TRUE
1900,TRUE
5884,TRUE
6296,TRUE
6009,FALSE
956,TRUE
234,FALSE
4904,FALSE
5703,TRUE
6830,FALSE
6710,TRUE
2149,TRUE
4564,TRUE
5991,FALSE
2018,FALSE
1875,TRUE
6460,TRUE
6785,TRUE
2491,FALSE
6966,TRUE
487,TRUE
3021,TRUE
6350,TRUE
4337,FALSE
4429,FALSE
4819,TRUE
6635,TRUE
6270,FALSE
2266,TRUE
1898,TRUE
5500,TRUE
2383,FALSE
6263,TRUE
2752,FALSE
4767,FALSE
5242,TRUE
1799,FALSE
5965,TRUE
1325,TRUE
2700,TRUE
2144,TRUE
48,TRUE
4616,TRUE
6467,FALSE
787,TRUE
2740,FALSE
5876,TRUE
5355,FALSE
6783,TRUE
5966,TRUE
6730,TRUE
538,TRUE
2519,FALSE
4747,TRUE
4895,TRUE
6863,TRUE
5721,TRUE
3947,FALSE
5100,TRUE
5109,FALSE
2235,FALSE
6595,FALSE
4406,FALSE
5472,FALSE
3483,TRUE
4695,FALSE
4520,TRUE
1680,FALSE
2322,TRUE
6107,FALSE
2046,TRUE
3893,TRUE
2188,TRUE
1203,FALSE
4439,TRUE
1483,FALSE
3466,FALSE
2036,FALSE
6865,FALSE
4329,TRUE
5327,FALSE
5103,TRUE
3252,TRUE
4446,TRUE
6312,TRUE
2028,TRUE
157,FALSE
1092,FALSE
6591,TRUE
187,FALSE
449,FALSE
5136,TRUE
294,FALSE
127,FALSE
5656,FALSE
292,TRUE
4525,FALSE
1532,TRUE
5989,FALSE
4075,FALSE
3485,TRUE
3417,TRUE
588,TRUE
3672,FALSE
6504,TRUE
3014,FALSE
4342,TRUE
6343,FALSE
5665,TRUE
2232,FALSE
2762,FALSE
3123,TRUE
1315,FALSE
6473,FALSE
6199,TRUE
4733,TRUE
5218,TRUE
1796,TRUE
3388,FALSE
2472,TRUE
6844,FALSE
3596,TRUE
4963,FALSE
4119,FALSE
290,TRUE
2751,TRUE
5105,FALSE
3994,TRUE
672,FALSE
3088,TRUE
1592,FALSE
5473,FALSE
5925,TRUE
1936,TRUE
5905,FALSE
2174,FALSE
3500,FALSE
659,FALSE
5285,TRUE
1177,FALSE
1038,TRUE
237,FALSE
266,FALSE
5687,TRUE
2481,FALSE
6944,TRUE
4881,FALSE
1706,FALSE
1377,FALSE
6805,TRUE
2895,TRUE
928,TRUE
3546,TRUE
5528,FALSE
531,FALSE
13,FALSE
4376,TRUE
6135,FALSE
5412,FALSE
258,FALSE
572,FALSE
2387,TRUE
2178,TRUE
1237,TRUE
2841,FALSE
564,FALSE
4485,TRUE
442,FALSE
4482,FALSE
1759,TRUE
6019,FALSE
6957,TRUE
5762,FALSE
6106,FALSE
4334,TRUE
5625,FALSE
6446,TRUE
451,TRUE
4851,TRUE
526,TRUE
401,TRUE
1060,TRUE
6991,FALSE
3867,FALSE
2613,FALSE
6087,TRUE
3442,TRUE
6228,FALSE
1950,TRUE
3291,FALSE
2641,TRUE
533,TRUE
5895,TRUE
2644,FALSE
3186,TRUE
5544,TRUE
932,TRUE
5494,TRUE
2193,FALSE
4571,TRUE
3076,TRUE
3692,TRUE
4080,FALSE
3621,FALSE
5389,TRUE
3504,TRUE
5086,TRUE
3232,FALSE
3559,FALSE
4532,TRUE
2194,FALSE
6097,TRUE
1945,FALSE
977,FALSE
6781,TRUE
883,TRUE
853,TRUE
523,TRUE
3700,FALSE
3360,FALSE
2786,TRUE
1204,FALSE
5233,TRUE
486,FALSE
4262,TRUE
5252,TRUE
1281,FALSE
4838,TRUE
3916,TRUE
6888,FALSE
3624,TRUE
6119,TRUE
4355,FALSE
851,FALSE
128,TRUE
5170,TRUE
1005,TRUE
955,TRUE
1672,TRUE
2274,FALSE
1608,FALSE
2462,FALSE
6695,TRUE
5753,TRUE
5516,TRUE
4126,TRUE
1986,TRUE
6969,TRUE
3951,FALSE
6993,FALSE
247,TRUE
2323,FALSE
2549,FALSE
6619,TRUE
1642,TRUE
649,TRUE
2148,FALSE
5354,TRUE
4378,FALSE
2114,TRUE
1221,TRUE
6443,TRUE
3009,TRUE
5188,FALSE
2227,TRUE
1223,FALSE
914,FALSE
2725,FALSE
3239,TRUE
3058,TRUE
992,TRUE
5241,TRUE
5916,FALSE
4029,FALSE
3626,FALSE
663,TRUE
5098,FALSE
4734,FALSE
4554,TRUE
3914,TRUE
4226,FALSE
4528,FALSE
3650,TRUE
3221,FALSE
140,FALSE
3613,FALSE
3210,FALSE
5409,TRUE
6629,TRUE
2297,FALSE
5653,FALSE
75,TRUE
6992,TRUE
1422,TRUE
759,TRUE
1404,TRUE
6472,FALSE
6856,TRUE
265,TRUE
3519,FALSE
414,FALSE
6593,TRUE
3586,TRUE
4196,TRUE
2344,TRUE
6915,TRUE
1528,FALSE
4455,TRUE
2200,FALSE
3136,FALSE
2434,FALSE
1182,FALSE
6248,FALSE
478,FALSE
975,TRUE
784,TRUE
783,TRUE
5305,TRUE
2212,TRUE
3759,FALSE
2381,TRUE
2836,TRUE
1862,FALSE
2256,TRUE
6205,FALSE
4430,FALSE
3791,FALSE
1112,TRUE
4359,FALSE
2698,FALSE
2150,TRUE
3097,FALSE
6430,FALSE
4519,TRUE
1809,FALSE
3081,FALSE
5563,TRUE
4868,TRUE
3041,FALSE
2917,FALSE
4067,TRUE
6947,TRUE
4275,TRUE
3913,TRUE
267,TRUE
3528,FALSE
1908,FALSE
3976,FALSE
4663,FALSE
2660,TRUE
1966,TRUE
2819,TRUE
6881,FALSE
5140,FALSE
4383,FALSE
2530,TRUE
1414,TRUE
1534,TRUE
5497,FALSE
4577,TRUE
6410,FALSE
5755,FALSE
6498,TRUE
2125,TRUE
3263,TRUE
3954,TRUE
6676,FALSE
6319,TRUE
6315,TRUE
4087,FALSE
1803,TRUE
529,TRUE
6796,FALSE
6952,TRUE
6748,FALSE
3416,FALSE
3155,FALSE
6149,FALSE
5301,FALSE
3730,FALSE
2766,TRUE
4068,FALSE
2590,TRUE
4251,FALSE
4546,TRUE
1877,TRUE
5671,TRUE
2260,TRUE
6502,FALSE
6722,FALSE
144,TRUE
3510,FALSE
6962,TRUE
6548,FALSE
5303,FALSE
3911,FALSE
3200,TRUE
65,TRUE
6008,FALSE
6084,FALSE
7075,TRUE
2812,FALSE
721,TRUE
3980,FALSE
2157,TRUE
502,FALSE
1090,FALSE
3052,TRUE
3156,TRUE
6141,TRUE
1011,FALSE
550,FALSE
3817,FALSE
1392,TRUE
6429,FALSE
2542,TRUE
3549,TRUE
1246,TRUE
5667,TRUE
3944,TRUE
7010,FALSE
3321,FALSE
4176,FALSE
1633,TRUE
405,TRUE
41,TRUE
2037,TRUE
6851,TRUE
4718,FALSE
685,FALSE
2657,TRUE
6485,TRUE
960,FALSE
5388,TRUE
3658,FALSE
755,TRUE
879,TRUE
3966,FALSE
4025,TRUE
2690,TRUE
1622,TRUE
3904,FALSE
3057,TRUE
3898,FALSE
5787,TRUE
3131,TRUE
231,TRUE
3949,FALSE
5037,TRUE
1160,TRUE
6824,FALSE
3917,TRUE
4600,TRUE
2976,FALSE
2349,TRUE
1663,TRUE
6181,TRUE
1154,FALSE
3789,FALSE
309,TRUE
4931,FALSE
2914,TRUE
5254,TRUE
3244,TRUE
5715,FALSE
2315,TRUE
7068,FALSE
6152,FALSE
2189,TRUE
4876,FALSE
6896,FALSE
3524,TRUE
4622,FALSE
1801,FALSE
5331,TRUE
6204,TRUE
1242,FALSE
6376,FALSE
3992,TRUE
6688,FALSE
1436,TRUE
2729,FALSE
6763,TRUE
4642,FALSE
3040,TRUE
2169,TRUE
4729,TRUE
6582,TRUE
6226,FALSE
102,FALSE
5384,TRUE
557,TRUE
1616,FALSE
5836,TRUE
3736,TRUE
7064,FALSE
4782,TRUE
5829,FALSE
5722,TRUE
5117,FALSE
3875,TRUE
1632,TRUE
1625,FALSE
4754,FALSE
1845,TRUE
3864,TRUE
988,TRUE
2392,FALSE
2281,FALSE
4340,TRUE
3427,TRUE
5469,FALSE
4309,TRUE
4943,TRUE
4276,FALSE
4709,FALSE
1813,TRUE
2744,FALSE
1727,FALSE
7029,TRUE
4375,FALSE
490,TRUE
1169,TRUE
1996,FALSE
2368,TRUE
5368,FALSE
4240,TRUE
4805,TRUE
4426,FALSE
208,TRUE
3063,TRUE
3090,TRUE
3731,TRUE
810,FALSE
5926,TRUE
6639,FALSE
1289,TRUE
5308,FALSE
5693,TRUE
3832,TRUE
3547,FALSE
6889,TRUE
4703,TRUE
6362,TRUE
5974,TRUE
147,TRUE
1111,TRUE
6933,FALSE
4024,TRUE
1899,TRUE
3146,TRUE
5185,FALSE
4149,FALSE
1550,TRUE
5652,TRUE
3632,FALSE
6267,FALSE
4589,FALSE
1107,FALSE
6426,TRUE
5493,TRUE
6233,FALSE
4593,FALSE
3592,FALSE
471,TRUE
6232,FALSE
1446,FALSE
4418,FALSE
5159,TRUE
404,TRUE
3819,TRUE
7120,TRUE
6082,TRUE
2411,FALSE
5738,TRUE
5071,FALSE
2575,TRUE
3938,TRUE
2805,TRUE
6939,TRUE
697,FALSE
6161,FALSE
3846,TRUE
2306,TRUE
5168,FALSE
3369,TRUE
6899,FALSE
6857,TRUE
4165,TRUE
6122,TRUE
5550,FALSE
4921,TRUE
6329,TRUE
652,FALSE
6377,TRUE
4691,FALSE
3669,TRUE
1736,TRUE
1493,TRUE
887,FALSE
6053,FALSE
1208,TRUE
5505,TRUE
4967,FALSE
4492,FALSE
927,FALSE
996,FALSE
2066,TRUE
6677,TRUE
1825,TRUE
1933,TRUE
3754,TRUE
3940,TRUE
3925,FALSE
1232,TRUE
6259,FALSE
2809,TRUE
6766,TRUE
3784,FALSE
432,FALSE
3617,TRUE
6128,FALSE
1998,TRUE
40,FALSE
5902,FALSE
4935,TRUE
2935,TRUE
4641,FALSE
5072,FALSE
5262,FALSE
2573,FALSE
5248,FALSE
3251,TRUE
3399,FALSE
7008,FALSE
3793,FALSE
2056,TRUE
6118,FALSE
1152,FALSE
4152,TRUE
2452,FALSE
845,FALSE
5314,FALSE
4993,FALSE
5511,TRUE
4135,TRUE
2845,FALSE
1836,FALSE
6252,TRUE
1262,FALSE
3521,FALSE
3159,FALSE
4284,FALSE
5163,FALSE
3948,TRUE
1701,TRUE
4003,FALSE
1118,TRUE
1081,FALSE
428,FALSE
5779,TRUE
1420,FALSE
2090,FALSE
3444,TRUE
213,FALSE
7125,TRUE
1051,TRUE
2165,FALSE
4936,FALSE
3769,FALSE
4283,FALSE
1343,FALSE
5478,TRUE
5645,FALSE
786,FALSE
467,FALSE
6115,TRUE
1394,FALSE
2292,TRUE
1508,TRUE
1257,FALSE
4650,TRUE
398,TRUE
1753,FALSE
3909,TRUE
2052,TRUE
5995,FALSE
4891,FALSE
3631,TRUE
1530,TRUE
5569,TRUE
4130,TRUE
6803,FALSE
1347,TRUE
1513,FALSE
3877,TRUE
7113,FALSE
2850,TRUE
1338,FALSE
4313,FALSE
7110,FALSE
931,TRUE
324,TRUE
1220,FALSE
6478,TRUE
5477,TRUE
3433,FALSE
5177,TRUE
4031,FALSE
118,FALSE
4134,TRUE
6506,FALSE
712,FALSE
2524,FALSE
694,TRUE
1162,TRUE
1938,FALSE
4660,TRUE
4740,FALSE
5102,TRUE
6876,TRUE
5047,FALSE
963,TRUE
59,FALSE
4658,FALSE
4748,TRUE
1042,FALSE
310,TRUE
3202,FALSE
5735,FALSE
3230,TRUE
2300,TRUE
6216,TRUE
1685,FALSE
1627,TRUE
2883,FALSE
1266,TRUE
6224,FALSE
937,TRUE
97,FALSE
3226,FALSE
5267,FALSE
4443,TRUE
5213,FALSE
3641,FALSE
6563,FALSE
6133,TRUE
654,FALSE
2704,FALSE
2147,TRUE
2367,TRUE
4685,TRUE
2081,FALSE
2301,FALSE
2970,FALSE
474,TRUE
2733,TRUE
638,TRUE
903,FALSE
5552,FALSE
1219,FALSE
3605,FALSE
45,TRUE
3764,FALSE
5405,FALSE
5887,TRUE
511,FALSE
6547,TRUE
5404,TRUE
5808,FALSE
2997,FALSE
1318,TRUE
30,TRUE
505,TRUE
391,FALSE
2272,TRUE
6782,TRUE
1478,FALSE
3293,TRUE
4142,FALSE
2137,FALSE
923,TRUE
6439,FALSE
3625,TRUE
5987,TRUE
3478,TRUE
1468,FALSE
3269,TRUE
1894,TRUE
6264,FALSE
3606,FALSE
3691,FALSE
6921,FALSE
2793,TRUE
5842,FALSE
4914,TRUE
2331,FALSE
3660,TRUE
4377,FALSE
1748,TRUE
5873,FALSE
5704,FALSE
776,TRUE
3327,TRUE
5302,FALSE
2065,FALSE
6217,TRUE
1494,FALSE
1035,FALSE
5999,TRUE
3870,TRUE
6753,TRUE
2971,FALSE
5348,TRUE
3142,FALSE
5228,TRUE
898,FALSE
607,FALSE
1075,TRUE
6129,TRUE
4527,FALSE
6687,TRUE
6761,TRUE
3462,TRUE
3535,TRUE
693,FALSE
1946,TRUE
4610,FALSE
2640,FALSE
6990,FALSE
5172,FALSE
3310,TRUE
528,TRUE
4436,FALSE
1320,FALSE
4583,FALSE
1791,FALSE
6209,TRUE
6368,TRUE
3101,TRUE
1778,TRUE
4452,TRUE
5783,FALSE
5034,TRUE
6847,TRUE
1142,FALSE
2362,TRUE
6463,FALSE
1757,FALSE
242,FALSE
3670,TRUE
2893,TRUE
3775,TRUE
452,TRUE
6646,FALSE
6088,FALSE
6035,TRUE
5445,TRUE
2073,TRUE
637,TRUE
3847,FALSE
81,TRUE
1551,TRUE
5064,FALSE
679,TRUE
5131,TRUE
6255,FALSE
6022,TRUE
3461,TRUE
4941,TRUE
2161,FALSE
926,FALSE
1969,FALSE
5343,TRUE
124,FALSE
2654,FALSE
3814,TRUE
3901,TRUE
481,FALSE
6862,TRUE
6731,TRUE
5342,TRUE
4274,TRUE
2320,TRUE
1123,TRUE
6369,TRUE
2510,FALSE
4770,FALSE
2495,FALSE
1895,TRUE
2938,FALSE
195,TRUE
6002,TRUE
6725,TRUE
1928,FALSE
3166,TRUE
2168,TRUE
2792,FALSE
491,TRUE
1030,TRUE
2419,TRUE
1891,FALSE
6239,TRUE
6365,TRUE
3374,TRUE
2881,TRUE
2465,FALSE
433,TRUE
4918,TRUE
1222,TRUE
6356,TRUE
3227,FALSE
1098,FALSE
4010,FALSE
3027,FALSE
6396,TRUE
1010,FALSE
2578,TRUE
1085,TRUE
2699,TRUE
152,FALSE
624,TRUE
4115,TRUE
191,TRUE
6025,FALSE
6278,TRUE
1849,FALSE
52,TRUE
2097,FALSE
6064,TRUE
842,FALSE
4645,TRUE
6010,TRUE
2886,FALSE
250,FALSE
4559,FALSE
1373,TRUE
1209,FALSE
3056,TRUE
5039,FALSE
1555,FALSE
5822,TRUE
5819,TRUE
3766,TRUE
193,TRUE
4367,TRUE
3082,TRUE
5291,FALSE
1071,FALSE
4563,TRUE
4701,TRUE
146,TRUE
516,TRUE
4929,FALSE
3342,TRUE
5807,FALSE
774,FALSE
4047,FALSE
3143,FALSE
4715,TRUE
3839,TRUE
1286,TRUE
2204,TRUE
3285,FALSE
4209,TRUE
4258,FALSE
2716,FALSE
4690,FALSE
568,FALSE
1839,TRUE
4573,TRUE
1461,TRUE
6706,TRUE
850,FALSE
3845,FALSE
4856,FALSE
1858,TRUE
600,FALSE
5320,FALSE
4825,TRUE
4070,FALSE
612,TRUE
4454,FALSE
6134,TRUE
3680,FALSE
6653,FALSE
384,TRUE
7061,TRUE
5453,TRUE
6306,TRUE
549,TRUE
2921,FALSE
2956,FALSE
6732,TRUE
5740,TRUE
2079,TRUE
5960,TRUE
1250,TRUE
53,TRUE
1584,FALSE
3488,TRUE
6708,FALSE
6027,TRUE
944,TRUE
4089,TRUE
1399,TRUE
5642,FALSE
7072,TRUE
3448,TRUE
5624,FALSE
5980,FALSE
6525,FALSE
2929,TRUE
5944,FALSE
3273,TRUE
3717,TRUE
2135,TRUE
6399,FALSE
1407,FALSE
2471,FALSE
3118,TRUE
5112,FALSE
2023,TRUE
1537,TRUE
3368,TRUE
4744,FALSE
3800,TRUE
5263,FALSE
1126,FALSE
6660,TRUE
4451,FALSE
4830,FALSE
3850,TRUE
6907,FALSE
307,FALSE
3414,TRUE
1201,FALSE
4302,FALSE
4493,TRUE
161,TRUE
5736,TRUE
1068,TRUE
251,FALSE
3862,TRUE
1718,FALSE
3501,TRUE
901,FALSE
1579,TRUE
4358,TRUE
399,TRUE
1317,FALSE
2406,TRUE
1992,FALSE
6260,FALSE
3219,FALSE
6444,TRUE
500,TRUE
5450,TRUE
4694,TRUE
1143,TRUE
1747,FALSE
111,TRUE
2249,FALSE
2663,TRUE
4795,FALSE
4435,FALSE
4085,FALSE
3092,FALSE
4954,FALSE
5534,FALSE
4344,FALSE
1535,TRUE
2880,FALSE
4306,FALSE
6402,TRUE
4223,TRUE
5261,TRUE
2676,FALSE
6412,FALSE
4687,TRUE
5754,FALSE
2609,FALSE
6975,TRUE
4153,FALSE
4064,TRUE
2473,FALSE
5780,TRUE
5074,FALSE
6955,FALSE
561,FALSE
4101,FALSE
3634,FALSE
183,FALSE
597,FALSE
1022,TRUE
761,TRUE
2138,FALSE
5702,FALSE
2291,FALSE
5610,TRUE
5401,FALSE
4197,FALSE
6735,TRUE
189,TRUE
546,TRUE
1810,TRUE
6083,FALSE
6515,FALSE
2180,TRUE
4136,FALSE
4264,TRUE
6936,FALSE
1267,FALSE
1199,TRUE
5442,TRUE
2187,TRUE
4160,TRUE
5782,TRUE
2000,TRUE
5923,FALSE
6544,TRUE
2659,FALSE
5739,FALSE
2496,FALSE
3734,TRUE
5864,FALSE
1696,TRUE
4552,FALSE
781,FALSE
2068,TRUE
400,TRUE
3568,TRUE
1970,FALSE
4189,TRUE
5729,FALSE
1352,TRUE
464,TRUE
3993,FALSE
1709,TRUE
6192,FALSE
2931,FALSE
2943,FALSE
295,FALSE
1299,TRUE
372,TRUE
423,TRUE
6266,TRUE
953,TRUE
2652,FALSE
2199,FALSE
2770,TRUE
4391,FALSE
4279,FALSE
5651,TRUE
6014,FALSE
1533,FALSE
545,TRUE
5288,FALSE
6770,FALSE
1624,TRUE
181,FALSE
2039,FALSE
3514,FALSE
2118,TRUE
750,FALSE
6615,TRUE
3675,FALSE
881,TRUE
6711,FALSE
6452,FALSE
1099,FALSE
6348,TRUE
3007,FALSE
2517,FALSE
871,TRUE
6669,TRUE
1943,FALSE
4551,TRUE
3317,TRUE
1867,FALSE
3708,TRUE
2120,TRUE
280,TRUE
540,TRUE
563,TRUE
525,FALSE
4039,TRUE
2945,FALSE
6,FALSE
1724,TRUE
4862,TRUE
5055,FALSE
2503,FALSE
4908,TRUE
1682,TRUE
2537,FALSE
5313,TRUE
5363,FALSE
2214,TRUE
682,TRUE
238,TRUE
6821,FALSE
1705,FALSE
4057,FALSE
3033,FALSE
5298,TRUE
5662,TRUE
2902,FALSE
2807,TRUE
1544,FALSE
6043,FALSE
5377,TRUE
714,FALSE
4079,FALSE
2504,TRUE
5856,FALSE
6536,FALSE
4172,FALSE
5080,TRUE
4457,TRUE
751,FALSE
880,TRUE
2569,FALSE
6238,FALSE
2016,TRUE
5799,FALSE
6178,FALSE
6768,TRUE
676,TRUE
1691,TRUE
475,FALSE
5599,TRUE
5713,FALSE
1340,TRUE
4809,TRUE
527,FALSE
3727,TRUE
1827,FALSE
203,FALSE
2388,TRUE
6842,TRUE
6318,TRUE
2936,FALSE
3768,FALSE
4181,TRUE
3181,FALSE
2876,FALSE
2749,TRUE
4058,TRUE
2839,FALSE
7085,TRUE
4078,TRUE
1384,TRUE
4920,FALSE
5258,TRUE
3435,TRUE
6983,TRUE
3174,TRUE
2707,FALSE
78,FALSE
4425,FALSE
4388,TRUE
3425,TRUE
100,TRUE
6625,FALSE
1424,TRUE
1575,FALSE
2989,TRUE
2494,TRUE
5486,TRUE
454,TRUE
5208,TRUE
2867,FALSE
4538,TRUE
3694,TRUE
3147,TRUE
1807,TRUE
3031,TRUE
5467,TRUE
1034,FALSE
1333,TRUE
4707,TRUE
3581,FALSE
1462,TRUE
306,TRUE
3334,FALSE
635,TRUE
4300,FALSE
302,TRUE
3888,FALSE
5507,TRUE
4076,FALSE
7039,FALSE
5359,TRUE
3810,TRUE
7108,TRUE
3158,TRUE
4216,TRUE
532,TRUE
3354,TRUE
1284,TRUE
2628,FALSE
3359,FALSE
3191,FALSE
5364,TRUE
644,TRUE
2393,FALSE
6774,TRUE
456,FALSE
3138,TRUE
5835,FALSE
198,TRUE
1043,TRUE
2069,TRUE
5433,TRUE
2901,TRUE
6558,TRUE
6578,FALSE
5626,TRUE
5826,FALSE
3465,TRUE
5611,TRUE
2784,TRUE
3942,FALSE
2004,FALSE
2223,FALSE
2071,TRUE
967,TRUE
4535,TRUE
758,FALSE
4285,FALSE
1200,TRUE
3604,TRUE
954,FALSE
3432,TRUE
1517,FALSE
4037,TRUE
6392,FALSE
3351,FALSE
3073,TRUE
5476,TRUE
1083,TRUE
2721,TRUE
4671,FALSE
5075,FALSE
7084,TRUE
4401,FALSE
7024,FALSE
3313,TRUE
2985,TRUE
2831,FALSE
503,FALSE
2457,FALSE
60,TRUE
5526,FALSE
6668,FALSE
4608,TRUE
5833,TRUE
7018,TRUE
3445,TRUE
3170,TRUE
1717,TRUE
6156,TRUE
4801,FALSE
6631,TRUE
3172,FALSE
328,TRUE
1507,FALSE
1425,TRUE
6520,TRUE
6075,FALSE
6151,TRUE
3060,TRUE
5110,TRUE
5318,FALSE
35,TRUE
3579,TRUE
582,FALSE
1549,TRUE
6958,TRUE
4777,TRUE
5215,TRUE
3424,FALSE
6598,TRUE
1403,TRUE
1027,TRUE
1145,TRUE
4697,FALSE
3591,FALSE
4619,FALSE
2900,FALSE
5781,TRUE
6651,TRUE
1153,TRUE
5695,TRUE
2662,FALSE
3530,FALSE
3185,TRUE
7040,TRUE
5157,TRUE
3282,FALSE
6003,FALSE
6737,TRUE
6245,TRUE
345,TRUE
1117,FALSE
5316,FALSE
3620,FALSE
6797,FALSE
3607,TRUE
5938,FALSE
6416,TRUE
4229,FALSE
592,FALSE
2588,FALSE
93,TRUE
1959,FALSE
4385,TRUE
6298,TRUE
173,FALSE
2166,TRUE
2967,TRUE
1070,FALSE
349,TRUE
5711,FALSE
6523,FALSE
6973,TRUE
3352,FALSE
4462,FALSE
1368,FALSE
574,TRUE
1014,FALSE
941,TRUE
5309,TRUE
4338,TRUE
5947,TRUE
5539,TRUE
5386,TRUE
1006,TRUE
4749,FALSE
6829,TRUE
2141,FALSE
2250,TRUE
79,TRUE
4634,TRUE
5997,FALSE
1777,FALSE
690,FALSE
4679,TRUE
2025,FALSE
4405,FALSE
2402,FALSE
2851,FALSE
4476,TRUE
4014,FALSE
6101,TRUE
5193,TRUE
1792,FALSE
6775,FALSE
4845,TRUE
4536,FALSE
4948,FALSE
6874,FALSE
535,TRUE
1374,TRUE
224,TRUE
3,FALSE
163,TRUE
3022,FALSE
2615,FALSE
4832,FALSE
3150,FALSE
186,FALSE
641,FALSE
829,FALSE
4005,FALSE
1015,FALSE
6028,FALSE
5533,FALSE
6878,TRUE
939,TRUE
2075,TRUE
104,FALSE
6689,TRUE
4242,TRUE
766,TRUE
411,TRUE
4859,TRUE
2817,FALSE
4673,TRUE
3739,TRUE
2255,TRUE
5435,TRUE
2930,TRUE
2827,FALSE
6726,FALSE
4481,TRUE
865,FALSE
756,TRUE
2423,TRUE
5425,FALSE
5854,FALSE
657,FALSE
4846,TRUE
5734,TRUE
934,TRUE
825,TRUE
632,FALSE
2776,FALSE
5831,TRUE
341,TRUE
301,TRUE
1722,FALSE
6670,TRUE
3339,FALSE
488,TRUE
6169,TRUE
3799,TRUE
229,FALSE
5852,FALSE
6282,FALSE
2868,FALSE
1540,TRUE
3561,TRUE
753,FALSE
3055,FALSE
3757,FALSE
2679,TRUE
1341,TRUE
3575,FALSE
6723,TRUE
2404,FALSE
5827,TRUE
3441,TRUE
2791,TRUE
4664,FALSE
1449,TRUE
3721,TRUE
1615,FALSE
6841,TRUE
3895,FALSE
367,TRUE
4903,TRUE
2668,TRUE
1506,TRUE
248,TRUE
2140,TRUE
5879,TRUE
3087,TRUE
4320,TRUE
4648,FALSE
566,TRUE
3093,FALSE
1927,FALSE
4131,TRUE
5869,TRUE
5217,FALSE
1144,TRUE
2191,TRUE
1744,FALSE
1678,TRUE
792,TRUE
961,FALSE
645,FALSE
3373,FALSE
4432,FALSE
6349,TRUE
4179,FALSE
3985,FALSE
2734,FALSE
3180,FALSE
2427,TRUE
696,FALSE
5198,FALSE
813,TRUE
3272,TRUE
4305,TRUE
2904,TRUE
319,TRUE
6235,FALSE
4804,TRUE
3013,FALSE
3440,FALSE
6530,FALSE
1529,TRUE
2087,TRUE
482,FALSE
5503,TRUE
1279,FALSE
3536,TRUE
6617,TRUE
1823,FALSE
6272,FALSE
5031,FALSE
5272,FALSE
3099,FALSE
6230,FALSE
3450,TRUE
6875,FALSE
3803,TRUE
5370,FALSE
4041,TRUE
1848,FALSE
2854,FALSE
2380,FALSE
3098,TRUE
4638,FALSE
1410,FALSE
5680,TRUE
4065,TRUE
212,FALSE
1834,FALSE
6540,FALSE
1459,FALSE
5532,FALSE
12,FALSE
3475,TRUE
5845,TRUE
1711,TRUE
749,TRUE
3222,FALSE
4287,TRUE
2181,TRUE
3809,TRUE
1332,TRUE
2802,FALSE
2201,FALSE
3364,FALSE
1430,TRUE
1362,TRUE
6976,FALSE
3937,TRUE
6662,FALSE
5417,TRUE
4700,TRUE
5483,FALSE
162,FALSE
5461,FALSE
135,TRUE
468,TRUE
167,TRUE
2461,TRUE
4238,FALSE
2954,TRUE
5434,FALSE
1059,TRUE
1623,TRUE
3403,TRUE
15,FALSE
5145,TRUE
1031,TRUE
5685,TRUE
4666,TRUE
2215,TRUE
6085,FALSE
949,TRUE
6882,TRUE
1686,FALSE
1954,FALSE
4574,TRUE
5270,TRUE
3121,FALSE
5697,TRUE
4621,TRUE
6579,FALSE
3590,TRUE
5913,TRUE
970,FALSE
3677,FALSE
5843,FALSE
4942,FALSE
1521,FALSE
6049,TRUE
3765,TRUE
4661,TRUE
2617,FALSE
1647,TRUE
419,TRUE
2858,TRUE
3711,FALSE
1704,FALSE
2139,FALSE
3577,FALSE
130,TRUE
1684,TRUE
2238,FALSE
2974,TRUE
4785,TRUE
5981,TRUE
1134,FALSE
5922,FALSE
1302,FALSE
5769,TRUE
3053,FALSE
4095,FALSE
1912,TRUE
3706,FALSE
2634,FALSE
3451,FALSE
5143,TRUE
3929,FALSE
4345,TRUE
4484,FALSE
2072,FALSE
3997,FALSE
2109,TRUE
1032,FALSE
1443,FALSE
116,TRUE
2480,FALSE
2643,FALSE
4994,TRUE
6517,FALSE
3160,TRUE
1820,TRUE
5643,FALSE
7006,FALSE
4236,TRUE
4404,FALSE
4822,FALSE
6139,FALSE
4114,TRUE
6818,FALSE
5588,TRUE
4776,TRUE
3540,TRUE
1484,TRUE
910,TRUE
4045,TRUE
2782,FALSE
6081,TRUE
1840,FALSE
4128,FALSE
2966,FALSE
6741,TRUE
2580,TRUE
5070,TRUE
1985,TRUE
6355,TRUE
6464,TRUE
1989,TRUE
4145,TRUE
4562,FALSE
2649,FALSE
6623,TRUE
6599,FALSE
1455,FALSE
3941,FALSE
333,TRUE
1351,TRUE
4613,TRUE
6456,TRUE
3344,FALSE
2007,TRUE
1587,TRUE
5985,FALSE
2370,TRUE
5211,FALSE
7063,TRUE
6690,FALSE
4539,TRUE
14,TRUE
968,TRUE
1316,FALSE
2040,FALSE
6045,TRUE
1559,FALSE
3873,TRUE
1432,TRUE
7000,FALSE
339,TRUE
5104,TRUE
5946,FALSE
5846,FALSE
466,FALSE
5525,TRUE
4363,TRUE
1881,TRUE
729,TRUE
4281,FALSE
4171,TRUE
494,FALSE
5718,TRUE
2794,FALSE
3008,TRUE
1008,TRUE
5137,TRUE
87,FALSE
3119,TRUE
3391,FALSE
1402,TRUE
4175,FALSE
1055,TRUE
3761,TRUE
615,TRUE
797,FALSE
1666,TRUE
4033,FALSE
4542,TRUE
4467,FALSE
272,FALSE
4681,TRUE
2466,FALSE
1855,TRUE
886,FALSE
1702,FALSE
6996,FALSE
4717,FALSE
2371,TRUE
6302,TRUE
3175,TRUE
2395,TRUE
2054,FALSE
6495,FALSE
5057,TRUE
6342,FALSE
4997,FALSE
2246,FALSE
5860,TRUE
1024,FALSE
5502,TRUE
5759,FALSE
1837,TRUE
5378,TRUE
587,FALSE
1952,FALSE
2501,FALSE
3600,TRUE
4848,TRUE
4873,TRUE
6839,TRUE
2230,TRUE
6210,TRUE
4584,FALSE
6275,FALSE
5079,TRUE
1308,TRUE
3922,FALSE
6656,FALSE
1489,FALSE
379,FALSE
2758,TRUE
164,FALSE
1450,TRUE
5093,FALSE
4716,TRUE
613,TRUE
477,TRUE
4882,FALSE
1334,TRUE
6162,FALSE
6835,FALSE
4968,FALSE
952,FALSE
6607,FALSE
125,TRUE
6395,TRUE
6880,TRUE
4243,TRUE
6098,TRUE
1274,TRUE
5374,FALSE
993,TRUE
4866,TRUE
5019,TRUE
7073,FALSE
7028,TRUE
5617,TRUE
4824,TRUE
1474,TRUE
5016,FALSE
4419,TRUE
892,TRUE
3849,FALSE
5707,TRUE
2801,TRUE
3537,FALSE
2969,FALSE
2336,FALSE
1887,FALSE
5696,FALSE
3703,TRUE
1331,TRUE
4410,FALSE
2124,FALSE
6191,FALSE
5657,FALSE
1770,FALSE
2160,FALSE
2285,FALSE
5706,FALSE
5321,FALSE
6608,TRUE
2582,FALSE
6063,FALSE
4453,FALSE
847,TRUE
409,TRUE
408,TRUE
6941,TRUE
6886,TRUE
2002,TRUE
748,TRUE
713,TRUE
5978,TRUE
5554,TRUE
3370,TRUE
4556,FALSE
872,TRUE
246,FALSE
7056,FALSE
1293,TRUE
6166,TRUE
6294,TRUE
2177,TRUE
171,TRUE
1291,FALSE
6361,FALSE
2386,TRUE
515,TRUE
6372,FALSE
6198,FALSE
2286,TRUE
5259,FALSE
4382,TRUE
5917,TRUE
767,TRUE
2877,FALSE
5810,FALSE
1699,TRUE
5482,FALSE
3571,TRUE
337,FALSE
6401,TRUE
4373,FALSE
6514,TRUE
5176,TRUE
5908,FALSE
5324,TRUE
54,TRUE
2525,FALSE
689,TRUE
2162,TRUE
2697,TRUE
4077,FALSE
5811,TRUE
1452,TRUE
5332,TRUE
5725,FALSE
5135,TRUE
4896,FALSE
3116,FALSE
5281,FALSE
4514,FALSE
3972,FALSE
2584,FALSE
1052,TRUE
6868,TRUE
1245,TRUE
1322,TRUE
1756,FALSE
6574,FALSE
4043,FALSE
2511,FALSE
5169,FALSE
5596,FALSE
3805,TRUE
383,TRUE
4270,FALSE
5356,TRUE
6633,FALSE
2601,TRUE
2873,TRUE
5872,FALSE
2206,FALSE
4213,TRUE
6679,TRUE
2754,TRUE
5187,TRUE
4257,FALSE
3355,TRUE
5943,FALSE
3748,FALSE
831,TRUE
754,TRUE
6483,TRUE
6501,FALSE
2348,FALSE
2239,FALSE
3526,TRUE
4360,FALSE
3533,FALSE
6345,TRUE
2651,FALSE
6371,FALSE
5166,TRUE
2263,FALSE
3558,FALSE
5608,TRUE
5424,FALSE
3594,TRUE
4166,TRUE
6771,FALSE
4796,TRUE
3458,TRUE
1233,TRUE
6397,TRUE
2360,FALSE
4127,FALSE
2637,FALSE
2055,FALSE
6811,FALSE
4960,TRUE
752,TRUE
4596,FALSE
5647,FALSE
2920,FALSE
5899,TRUE
3597,FALSE
6366,FALSE
6405,TRUE
6344,TRUE
3205,FALSE
4427,TRUE
6780,FALSE
1261,FALSE
4741,FALSE
5564,TRUE
1358,TRUE
912,TRUE
2572,FALSE
3729,TRUE
918,TRUE
2243,TRUE
1541,TRUE
5446,FALSE
3288,TRUE
3030,FALSE
922,FALSE
3790,FALSE
3017,FALSE
6403,TRUE
1953,TRUE
3122,TRUE
2866,FALSE
4061,TRUE
42,TRUE
5683,TRUE
6838,TRUE
2240,TRUE
6458,FALSE
1487,FALSE
5231,TRUE
1889,FALSE
965,FALSE
5684,FALSE
6111,TRUE
5307,FALSE
3821,TRUE
2658,TRUE
6786,TRUE
335,TRUE
2438,TRUE
1688,TRUE
5335,TRUE
4123,FALSE
3580,FALSE
2195,TRUE
1674,TRUE
6200,FALSE
282,TRUE
291,TRUE
1079,FALSE
1739,TRUE
4352,TRUE
4793,FALSE
4237,FALSE
2896,TRUE
2172,TRUE
4509,TRUE
4056,TRUE
211,TRUE
997,TRUE
2205,TRUE
6644,TRUE
2728,TRUE
5641,TRUE
2298,TRUE
3578,TRUE
747,FALSE
3410,FALSE
6215,TRUE
1963,FALSE
5583,TRUE
1523,FALSE
2467,TRUE
3089,TRUE
3430,TRUE
4184,FALSE
3863,FALSE
2717,TRUE
3322,TRUE
4901,FALSE
5820,TRUE
4939,FALSE
6533,TRUE
480,FALSE
6437,TRUE
7044,TRUE
389,FALSE
4495,FALSE
3958,FALSE
215,TRUE
289,FALSE
6021,TRUE
1435,FALSE
2598,TRUE
2089,TRUE
596,TRUE
6418,TRUE
228,FALSE
1924,FALSE
2763,TRUE
4892,TRUE
1822,FALSE
2020,FALSE
1269,FALSE
1816,TRUE
2715,FALSE
1594,TRUE
4612,TRUE
530,TRUE
5757,TRUE
5333,TRUE
3012,TRUE
5523,TRUE
3912,FALSE
5138,TRUE
7076,FALSE
4886,TRUE
6524,TRUE
2290,TRUE
3494,FALSE
5076,TRUE
6518,TRUE
2347,TRUE
1393,TRUE
354,TRUE
1525,TRUE
7,TRUE
3411,TRUE
4400,FALSE
6550,TRUE
6840,TRUE
1401,TRUE
5604,FALSE
5182,TRUE
2278,TRUE
3107,FALSE
6449,FALSE
1412,TRUE
6902,FALSE
6030,TRUE
4096,TRUE
4511,TRUE
3324,TRUE
3314,TRUE
6914,TRUE
647,TRUE
3797,FALSE
4440,FALSE
6893,FALSE
239,FALSE
4210,TRUE
1637,TRUE
3527,FALSE
3683,TRUE
1191,TRUE
2957,FALSE
1843,TRUE
6317,TRUE
3347,FALSE
2688,FALSE
2780,FALSE
3880,FALSE
1583,FALSE
680,FALSE
4084,TRUE
6453,FALSE
2132,FALSE
1260,TRUE
1697,FALSE
6717,TRUE
2031,TRUE
726,TRUE
4220,FALSE
6383,FALSE
2586,TRUE
616,FALSE
114,TRUE
1602,TRUE
2738,TRUE
3908,TRUE
5212,TRUE
3459,TRUE
4107,TRUE
6144,TRUE
6490,TRUE
6769,FALSE
3697,TRUE
856,FALSE
1655,TRUE
483,TRUE
3973,FALSE
4560,TRUE
1600,FALSE
1307,FALSE
2226,TRUE
1677,FALSE
4708,TRUE
3722,TRUE
5243,TRUE
3077,TRUE
763,FALSE
2236,TRUE
4227,FALSE
4288,TRUE
1076,FALSE
6565,FALSE
3964,FALSE
4186,TRUE
4869,TRUE
552,TRUE
402,FALSE
2008,FALSE
5245,FALSE
2436,TRUE
6616,FALSE
2565,FALSE
4250,TRUE
120,TRUE
185,FALSE
235,TRUE
455,TRUE
6702,TRUE
2741,FALSE
5315,TRUE
2768,TRUE
5644,TRUE
1783,TRUE
6130,FALSE
1138,TRUE
1021,TRUE
780,FALSE
5265,TRUE
5251,FALSE
4013,TRUE
2811,TRUE
3163,TRUE
4272,FALSE
1205,FALSE
5095,TRUE
3978,TRUE
2826,FALSE
2316,TRUE
17,TRUE
772,TRUE
1558,TRUE
3127,TRUE
4362,FALSE
4341,TRUE
6712,TRUE
2332,TRUE
2529,TRUE
336,TRUE
5724,TRUE
1301,TRUE
5893,FALSE
6174,TRUE
4504,TRUE
347,TRUE
5399,FALSE
3275,TRUE
6614,TRUE
5101,FALSE
916,FALSE
4932,TRUE
6089,FALSE
3271,FALSE
2105,TRUE
358,TRUE
4233,TRUE
4255,FALSE
6968,TRUE
737,FALSE
5474,TRUE
2221,FALSE
16,TRUE
6601,FALSE
4788,TRUE
421,TRUE
4102,TRUE
2630,FALSE
562,FALSE
2840,TRUE
5867,TRUE
1999,TRUE
5345,FALSE
1926,FALSE
1601,FALSE
1131,FALSE
5777,TRUE
3699,FALSE
2131,FALSE
6257,TRUE
4865,FALSE
7023,TRUE
6778,TRUE
873,TRUE
6258,TRUE
5506,FALSE
5499,FALSE
4413,TRUE
293,FALSE
2879,TRUE
812,TRUE
5175,FALSE
1013,TRUE
4736,TRUE
5479,TRUE
3473,TRUE
4575,TRUE
1479,TRUE
830,TRUE
2543,TRUE
4011,FALSE
5795,TRUE
3234,TRUE
5366,TRUE
964,TRUE
1298,FALSE
2358,FALSE
1045,FALSE
5290,FALSE
1241,TRUE
5023,FALSE
5832,TRUE
5197,FALSE
2133,TRUE
3928,TRUE
1077,FALSE
4849,TRUE
6588,FALSE
2104,FALSE
1861,TRUE
4052,TRUE
387,FALSE
1040,FALSE
4826,FALSE
3320,FALSE
3402,TRUE
1044,TRUE
3426,TRUE
734,FALSE
3489,TRUE
803,TRUE
2975,TRUE
1441,FALSE
501,FALSE
3572,FALSE
3556,FALSE
376,FALSE
3573,FALSE
2432,FALSE
4286,FALSE
6309,FALSE
4027,TRUE
3842,FALSE
3560,TRUE
2910,FALSE
513,TRUE
4028,TRUE
2756,FALSE
3963,TRUE
1497,TRUE
6940,FALSE
4241,TRUE
991,FALSE
4667,FALSE
1016,FALSE
88,TRUE
1639,TRUE
7080,TRUE
3538,FALSE
674,FALSE
3469,FALSE
2034,TRUE
3715,TRUE
3340,FALSE
1375,FALSE
6432,TRUE
5127,TRUE
6011,TRUE
1349,FALSE
2611,FALSE
112,FALSE
5967,FALSE
8,TRUE
6762,FALSE
1980,FALSE
2094,TRUE
4353,FALSE
4428,FALSE
4888,TRUE
3712,FALSE
5612,FALSE
4445,TRUE
2653,FALSE
5268,TRUE
1793,TRUE
5017,TRUE
878,FALSE
5570,FALSE
2022,FALSE
3124,FALSE
1769,TRUE
2544,TRUE
5878,TRUE
1288,FALSE
6716,FALSE
4422,FALSE
6056,FALSE
5661,FALSE
2522,FALSE
7119,FALSE
5286,FALSE
6724,TRUE
5358,FALSE
2736,TRUE
2308,FALSE
4500,FALSE
796,FALSE
5751,FALSE
1948,TRUE
4614,TRUE
329,FALSE
6470,TRUE
6637,TRUE
629,FALSE
1129,TRUE
2475,FALSE
4021,TRUE
6334,TRUE
806,FALSE
2583,TRUE
4402,TRUE
945,TRUE
6320,TRUE
5541,TRUE
5464,FALSE
1148,FALSE
1017,FALSE
5871,FALSE
6987,FALSE
3228,FALSE
2307,TRUE
1802,TRUE
1119,TRUE
3217,FALSE
1984,FALSE
1878,TRUE
5427,TRUE
5650,FALSE
1692,TRUE
1761,TRUE
6067,FALSE
5778,FALSE
6123,TRUE
4015,TRUE
2925,FALSE
4020,TRUE
972,FALSE
1864,FALSE
3645,TRUE
2428,TRUE
2244,TRUE
1482,TRUE
4778,FALSE
11,TRUE
5253,TRUE
4699,TRUE
3331,TRUE
429,FALSE
4855,FALSE
4842,TRUE
1108,TRUE
3000,TRUE
2846,FALSE
7111,TRUE
1140,FALSE
1389,FALSE
3406,TRUE
1124,TRUE
5961,FALSE
1258,FALSE
2576,TRUE
5785,FALSE
2394,FALSE
6048,TRUE
493,TRUE
6664,TRUE
5574,FALSE
4035,TRUE
6685,TRUE
70,FALSE
4972,TRUE
3965,FALSE
773,TRUE
1715,FALSE
4518,TRUE
1726,TRUE
4930,FALSE
5866,TRUE
5572,FALSE
3725,TRUE
5443,FALSE
2869,FALSE
7122,TRUE
1911,FALSE
6265,TRUE
560,TRUE
2898,FALSE
6132,TRUE
105,FALSE
718,TRUE
509,TRUE
3774,TRUE
2665,TRUE
1607,FALSE
2098,FALSE
2551,TRUE
4478,FALSE
2115,FALSE
728,FALSE
344,TRUE
5764,TRUE
4498,FALSE
2269,TRUE
2093,TRUE
5830,FALSE
3740,TRUE
6068,TRUE
6102,TRUE
6196,TRUE
3336,TRUE
2804,FALSE
658,FALSE
1214,FALSE
6394,TRUE
2647,FALSE
3343,TRUE
5743,FALSE
1539,TRUE
6148,TRUE
3623,TRUE
4137,TRUE
1732,FALSE
1190,TRUE
3379,TRUE
6855,FALSE
5496,FALSE
6873,TRUE
5293,TRUE
2013,FALSE
4357,TRUE
4899,TRUE
5379,FALSE
3926,TRUE
1921,FALSE
1091,FALSE
4603,FALSE
2106,TRUE
4922,TRUE
5894,FALSE
621,TRUE
1056,TRUE
4246,TRUE
1944,FALSE
2469,FALSE
3642,TRUE
631,TRUE
3308,FALSE
5639,FALSE
860,TRUE
3068,FALSE
3259,TRUE
51,TRUE
5012,FALSE
4232,FALSE
622,TRUE
6143,FALSE
7019,FALSE
2334,TRUE
2803,TRUE
7045,TRUE
3307,FALSE
6211,FALSE
4214,FALSE
2083,FALSE
6926,FALSE
4113,TRUE
4465,FALSE
6620,FALSE
3795,FALSE
1979,TRUE
4464,FALSE
6972,TRUE
3649,FALSE
3043,TRUE
6884,FALSE
4461,TRUE
3195,FALSE
1965,TRUE
4966,FALSE
4889,TRUE
920,FALSE
4633,TRUE
192,TRUE
3189,TRUE
3936,FALSE
3096,TRUE
6347,TRUE
1198,TRUE
2635,TRUE
2103,FALSE
3278,TRUE
4051,TRUE
4298,TRUE
942,TRUE
5419,TRUE
5219,FALSE
802,FALSE
1053,TRUE
3733,TRUE
236,FALSE
4981,TRUE
4261,TRUE
2887,TRUE
3693,TRUE
6455,TRUE
3067,TRUE
5971,TRUE
2377,FALSE
3408,TRUE
5744,FALSE
5294,FALSE
4779,FALSE
664,FALSE
2678,FALSE
913,TRUE
3315,FALSE
2153,TRUE
6791,TRUE
3211,FALSE
999,TRUE
7052,TRUE
2061,TRUE
5269,TRUE
3550,TRUE
3190,FALSE
1925,TRUE
3487,TRUE
3627,FALSE
725,TRUE
1897,TRUE
5622,FALSE
5018,FALSE
3349,FALSE
221,FALSE
1381,FALSE
459,FALSE
1915,TRUE
1106,FALSE
524,FALSE
447,TRUE
68,TRUE
5568,FALSE
2814,FALSE
4646,FALSE
6046,TRUE
3484,TRUE
1838,FALSE
3563,TRUE
1457,TRUE
1610,FALSE
6301,FALSE
6289,FALSE
601,FALSE
6268,FALSE
4483,TRUE
1844,TRUE
3039,FALSE
6729,TRUE
7114,TRUE
5393,FALSE
4594,TRUE
2136,FALSE
3679,FALSE
4861,TRUE
627,FALSE
5273,TRUE
1230,FALSE
7033,TRUE
5165,TRUE
7005,FALSE
5367,FALSE
2342,TRUE
4348,FALSE
925,FALSE
3544,TRUE
6683,FALSE
5898,TRUE
4758,FALSE
1064,FALSE
838,FALSE
4957,FALSE
1782,FALSE
2190,FALSE
5763,FALSE
259,TRUE
1774,TRUE
3002,FALSE
3456,FALSE
5201,TRUE
2164,FALSE
5456,FALSE
377,FALSE
2179,FALSE
1172,FALSE
4522,TRUE
3726,TRUE
1509,FALSE
6767,FALSE
5092,TRUE
884,TRUE
1164,TRUE
4347,FALSE
6291,FALSE
2685,TRUE
5491,FALSE
950,TRUE
2732,TRUE
6024,TRUE
314,TRUE
6792,TRUE
3387,FALSE
3438,FALSE
2312,TRUE
3866,FALSE
2258,TRUE
6627,FALSE
3628,TRUE
558,TRUE
4046,FALSE
5447,FALSE
4598,FALSE
2364,TRUE
666,TRUE
276,FALSE
3823,FALSE
5216,FALSE
5196,FALSE
1380,TRUE
3393,TRUE
1231,FALSE
441,TRUE
2916,TRUE
3184,TRUE
4507,TRUE
6047,FALSE
3783,FALSE
4188,FALSE
3038,FALSE
4194,TRUE
2830,FALSE
771,TRUE
3044,FALSE
6311,FALSE
6015,TRUE
2184,TRUE
6250,TRUE
4032,FALSE
61,TRUE
3889,FALSE
1552,TRUE
2673,FALSE
5154,FALSE
4924,FALSE
3277,FALSE
2486,TRUE
1057,FALSE
4543,FALSE
1409,FALSE
1344,FALSE
1510,FALSE
5828,TRUE
1956,TRUE
2282,FALSE
5454,TRUE
3049,FALSE
4490,TRUE
1804,TRUE
554,FALSE
4714,TRUE
1272,FALSE
64,TRUE
1324,TRUE
4623,FALSE
3879,FALSE
3777,FALSE
7043,FALSE
3302,TRUE
5085,TRUE
5682,FALSE
4411,TRUE
4831,TRUE
6469,FALSE
4624,TRUE
62,FALSE
3981,FALSE
643,FALSE
5958,TRUE
1357,FALSE
2287,TRUE
6576,FALSE
2267,FALSE
4549,FALSE
6898,FALSE
2341,FALSE
919,FALSE
5485,TRUE
646,FALSE
3681,TRUE
2911,TRUE
7017,FALSE
6223,FALSE
4468,FALSE
5955,TRUE
5277,FALSE
4894,FALSE
489,TRUE
6242,TRUE
3010,TRUE
2743,TRUE
6747,TRUE
5577,TRUE
217,TRUE
5870,TRUE
5351,FALSE
3148,FALSE
7054,FALSE
3356,TRUE
6545,FALSE
1239,FALSE
3192,TRUE
311,FALSE
4698,FALSE
2351,TRUE
4890,FALSE
5602,FALSE
3120,FALSE
5114,FALSE
6923,TRUE
6339,TRUE
2932,FALSE
6261,TRUE
2304,FALSE
473,FALSE
4292,FALSE
1561,TRUE
3772,FALSE
5244,FALSE
2959,TRUE
603,TRUE
2372,FALSE
2170,TRUE
2828,TRUE
5745,TRUE
5123,TRUE
5394,TRUE
2220,TRUE
1236,TRUE
1687,FALSE
4205,FALSE
2448,TRUE
6948,TRUE
5027,FALSE
83,FALSE
4675,FALSE
4351,FALSE
3905,FALSE
4499,FALSE
5723,TRUE
1062,TRUE
5025,TRUE
5203,FALSE
6016,FALSE
6853,TRUE
5996,TRUE
2112,FALSE
325,TRUE
2067,TRUE
3557,TRUE
2532,TRUE
99,TRUE
4414,TRUE
2060,TRUE
4202,FALSE
5545,TRUE
4582,TRUE
4937,TRUE
5235,TRUE
4812,TRUE
6431,TRUE
1054,FALSE
6071,TRUE
1882,FALSE
2556,TRUE
279,FALSE
5566,TRUE
5555,FALSE
4827,FALSE
2955,FALSE
7093,TRUE
4099,FALSE
4844,TRUE
1087,TRUE
5014,TRUE
581,FALSE
899,TRUE
188,TRUE
867,FALSE
3635,TRUE
3776,TRUE
687,TRUE
1644,TRUE
5013,FALSE
91,FALSE
5282,FALSE
3161,FALSE
1947,TRUE
6916,TRUE
6630,TRUE
3534,TRUE
416,TRUE
2859,FALSE
5220,FALSE
3643,TRUE
3348,TRUE
5790,TRUE
6354,TRUE
2379,TRUE
4157,TRUE
3199,FALSE
4442,TRUE
4775,FALSE
3778,TRUE
6626,TRUE
3843,FALSE
2909,FALSE
6890,TRUE
1789,TRUE
1787,TRUE
6284,FALSE
1728,FALSE
4208,FALSE
2142,FALSE
6180,TRUE
2585,TRUE
406,TRUE
3995,TRUE
1128,FALSE
5515,FALSE
4328,TRUE
6981,FALSE
2463,TRUE
2813,FALSE
1763,FALSE
2871,TRUE
1786,TRUE
5543,TRUE
5192,FALSE
2661,FALSE
5565,TRUE
6290,FALSE
5982,FALSE
2418,FALSE
6765,FALSE
3825,TRUE
5773,TRUE
6816,FALSE
569,TRUE
2474,TRUE
2340,TRUE
698,FALSE
2941,FALSE
5709,TRUE
5495,FALSE
4814,FALSE
6967,FALSE
2518,TRUE
4198,TRUE
5637,FALSE
7016,TRUE
5839,TRUE
4277,FALSE
4692,TRUE
6828,FALSE
2627,FALSE
4945,TRUE
6982,TRUE
4823,TRUE
4984,TRUE
6580,FALSE
5606,TRUE
1173,TRUE
3223,FALSE
3495,TRUE
5008,TRUE
589,TRUE
4580,TRUE
3907,TRUE
7058,FALSE
2535,TRUE
6581,TRUE
4503,FALSE
3149,FALSE
5089,TRUE
4122,TRUE
943,TRUE
6715,TRUE
5861,TRUE
7034,FALSE
824,TRUE
4712,FALSE
1026,TRUE
3085,FALSE
1707,TRUE
3808,FALSE
4857,TRUE
699,TRUE
4368,TRUE
1327,FALSE
1158,TRUE
3258,TRUE
1568,FALSE
1961,TRUE
3894,TRUE
818,TRUE
539,FALSE
1309,FALSE
4211,FALSE
4150,FALSE
6858,FALSE
854,FALSE
2262,TRUE
5099,TRUE
5418,FALSE
5889,TRUE
4138,FALSE
2225,FALSE
352,TRUE
3662,FALSE
1253,TRUE
4961,TRUE
2705,TRUE
5530,FALSE
3990,TRUE
1312,TRUE
2648,TRUE
1265,FALSE
6577,TRUE
4974,TRUE
5904,TRUE
6946,FALSE
1981,TRUE
1149,FALSE
6091,FALSE
315,FALSE
6213,TRUE
2810,FALSE
1842,FALSE
744,TRUE
5087,FALSE
4307,FALSE
3267,TRUE
5458,FALSE
2012,FALSE
2429,FALSE
5766,TRUE
5024,TRUE
3601,TRUE
6229,TRUE
874,FALSE
1125,FALSE
1361,TRUE
2403,FALSE
4750,TRUE
220,FALSE
2163,FALSE
3299,TRUE
2905,FALSE
1337,TRUE
4933,TRUE
1000,FALSE
3112,TRUE
2158,TRUE
4161,TRUE
4916,TRUE
5065,TRUE
2218,TRUE
4361,TRUE
3429,TRUE
1212,FALSE
2352,TRUE
4450,TRUE
4245,FALSE
3420,TRUE
6787,TRUE
6546,TRUE
2410,TRUE
6327,FALSE
4263,TRUE
6150,TRUE
2277,FALSE
1661,TRUE
2999,TRUE
5373,TRUE
5121,TRUE
5510,TRUE
1743,FALSE
4630,TRUE
1311,FALSE
6949,FALSE
3261,TRUE
7100,FALSE
287,FALSE
5149,FALSE
73,FALSE
6600,TRUE
683,TRUE
3518,FALSE
4731,TRUE
1069,TRUE
390,TRUE
709,TRUE
6551,FALSE
3543,FALSE
2722,FALSE
4871,FALSE
5855,FALSE
2044,TRUE
6879,FALSE
1151,TRUE
1536,TRUE
6543,TRUE
3745,TRUE
4026,FALSE
6423,TRUE
378,TRUE
1018,FALSE
1259,TRUE
3375,TRUE
4488,TRUE
7079,TRUE
5054,TRUE
3385,TRUE
1379,TRUE
129,TRUE
5029,TRUE
338,FALSE
3841,FALSE
4252,FALSE
5976,TRUE
4635,FALSE
1545,TRUE
6214,FALSE
3036,TRUE
4784,FALSE
508,FALSE
180,TRUE
3910,TRUE
4910,FALSE
4092,FALSE
3848,TRUE
6419,FALSE
1184,FALSE
4696,FALSE
6388,TRUE
1176,TRUE
5975,FALSE
5635,FALSE
2245,TRUE
1658,FALSE
2284,FALSE
277,TRUE
711,TRUE
6057,TRUE
1518,TRUE
5595,FALSE
2595,TRUE
6566,FALSE
6904,FALSE
3615,TRUE
5896,FALSE
5022,FALSE
1339,FALSE
3569,FALSE
214,TRUE
5838,FALSE
1630,TRUE
2413,TRUE
6341,TRUE
814,TRUE
4303,TRUE
3353,TRUE
3005,TRUE
987,FALSE
2520,FALSE
434,FALSE
1729,TRUE
6450,TRUE
382,TRUE
3924,FALSE
5460,FALSE
1693,TRUE
6378,FALSE
1800,FALSE
5547,FALSE
2806,FALSE
1543,FALSE
619,FALSE
769,TRUE
2531,FALSE
4850,FALSE
1768,TRUE
6433,FALSE
3376,TRUE
1226,FALSE
4469,TRUE
3566,FALSE
84,FALSE
1903,FALSE
6070,FALSE
1520,FALSE
424,TRUE
1526,FALSE
1240,FALSE
2612,TRUE
1163,FALSE
5214,TRUE
4964,FALSE
7090,FALSE
6208,FALSE
6979,FALSE
6909,FALSE
5206,FALSE
1321,TRUE
5742,FALSE
4952,FALSE
2219,TRUE
1238,TRUE
733,FALSE
3366,TRUE
5428,FALSE
2502,TRUE
3758,FALSE
4843,FALSE
1295,FALSE
2720,FALSE
5142,TRUE
3157,TRUE
4036,TRUE
1884,FALSE
233,TRUE
2359,TRUE
6642,TRUE
4523,TRUE
2746,FALSE
1460,TRUE
318,TRUE
4289,FALSE
5561,TRUE
5593,TRUE
5130,TRUE
4774,TRUE
1001,TRUE
2996,FALSE
126,FALSE
6814,FALSE
3931,FALSE
3035,TRUE
5699,TRUE
2425,FALSE
2708,FALSE
3028,FALSE
6406,TRUE
1681,TRUE
263,TRUE
6700,FALSE
6549,TRUE
7047,TRUE
5125,TRUE
1097,TRUE
1620,FALSE
1326,TRUE
3023,TRUE
4438,FALSE
3326,FALSE
3827,TRUE
2724,TRUE
6788,TRUE
6188,TRUE
3719,TRUE
599,FALSE
2739,TRUE
6137,TRUE
3345,FALSE
5439,TRUE
5752,TRUE
1941,FALSE
2492,FALSE
3454,TRUE
4949,FALSE
6663,FALSE
3111,FALSE
704,TRUE
5951,FALSE
6471,TRUE
859,FALSE
2043,FALSE
5413,FALSE
6640,FALSE
1835,TRUE
5411,FALSE
2897,TRUE
4365,FALSE
7117,FALSE
4913,FALSE
3834,FALSE
5459,TRUE
219,TRUE
1490,FALSE
3301,FALSE
670,TRUE
5156,FALSE
2773,TRUE
2099,FALSE
4369,FALSE
6927,TRUE
2984,FALSE
6519,TRUE
2875,FALSE
2449,TRUE
7083,TRUE
3482,TRUE
1285,TRUE
28,TRUE
3824,TRUE
677,TRUE
4200,TRUE
3270,TRUE
110,TRUE
5559,TRUE
6849,FALSE
5304,TRUE
6650,FALSE
6931,TRUE
5082,FALSE
5928,FALSE
4124,TRUE
722,TRUE
6140,TRUE
6157,TRUE
3061,TRUE
6789,TRUE
4988,FALSE
2592,FALSE
4911,TRUE
2479,TRUE
2861,FALSE
6384,TRUE
4396,FALSE
3109,TRUE
5330,TRUE
3294,TRUE
450,TRUE
6424,TRUE
3786,FALSE
3865,TRUE
205,TRUE
3389,FALSE
890,TRUE
2726,TRUE
4,TRUE
2778,FALSE
5691,TRUE
6487,TRUE
5750,FALSE
5430,TRUE
957,TRUE
3183,FALSE
1423,TRUE
6251,FALSE
6897,FALSE
862,TRUE
5865,TRUE
2400,FALSE
6108,TRUE
4900,TRUE
673,FALSE
3132,FALSE
5463,TRUE
1135,TRUE
4665,FALSE
5553,FALSE
4884,FALSE
6522,FALSE
1,FALSE
1427,TRUE
3988,TRUE
5400,TRUE
4343,TRUE
667,TRUE
5789,FALSE
1542,TRUE
4491,FALSE
6206,TRUE
1964,TRUE
2318,FALSE
1859,TRUE
5784,FALSE
6203,TRUE
1886,FALSE
6809,TRUE
4530,FALSE
605,FALSE
2113,TRUE
6026,TRUE
4693,FALSE
4224,TRUE
3413,TRUE
3386,TRUE
2350,TRUE
4977,FALSE
7088,FALSE
4558,FALSE
1488,FALSE
974,FALSE
2937,FALSE
5877,FALSE
4732,TRUE
5993,FALSE
2338,FALSE
3290,FALSE
1181,TRUE
461,TRUE
2447,TRUE
1597,TRUE
96,TRUE
2489,TRUE
5257,FALSE
4810,FALSE
665,TRUE
4266,TRUE
4100,FALSE
1762,TRUE
76,TRUE
770,FALSE
510,FALSE
836,FALSE
6269,TRUE
1397,TRUE
610,TRUE
3084,TRUE
348,FALSE
2953,FALSE
3640,FALSE
226,FALSE
3238,TRUE
2552,FALSE
4735,FALSE
448,TRUE
6218,TRUE
1547,FALSE
4649,TRUE
498,TRUE
5276,TRUE
2594,FALSE
5046,TRUE
5488,FALSE
5634,FALSE
3881,TRUE
1918,FALSE
4293,TRUE
6164,TRUE
495,TRUE
4086,FALSE
385,FALSE
3171,FALSE
4364,FALSE
660,TRUE
6705,FALSE
3820,TRUE
6175,FALSE
1367,TRUE
4553,FALSE
4177,FALSE
7046,FALSE
2295,FALSE
6935,FALSE
924,TRUE
3659,TRUE
3570,FALSE
3923,FALSE
5792,FALSE
1593,FALSE
6503,TRUE
5011,TRUE
6299,TRUE
420,FALSE
5069,TRUE
443,FALSE
1577,FALSE
439,FALSE
3506,FALSE
3876,TRUE
3883,TRUE
3629,TRUE
3532,TRUE
5139,TRUE
6420,TRUE
134,TRUE
5341,FALSE
1758,TRUE
5096,TRUE
5733,FALSE
4349,FALSE
1033,FALSE
1442,FALSE
2892,FALSE
2562,TRUE
6481,TRUE
5158,TRUE
3961,TRUE
6507,TRUE
2186,TRUE
3673,TRUE
5230,FALSE
5934,TRUE
6535,FALSE
2003,FALSE
3807,FALSE
4763,FALSE
394,TRUE
6113,FALSE
5929,FALSE
6029,FALSE
5255,TRUE
3984,TRUE
274,FALSE
1251,TRUE
976,TRUE
6583,TRUE
253,FALSE
1196,FALSE
6994,FALSE
74,FALSE
133,TRUE
2829,TRUE
7042,TRUE
7118,FALSE
844,FALSE
2231,FALSE
2557,TRUE
3511,TRUE
3857,FALSE
6541,FALSE
6510,FALSE
6105,FALSE
3421,FALSE
1249,FALSE
5945,FALSE
653,TRUE
6661,FALSE
602,FALSE
1779,TRUE
4991,TRUE
1538,FALSE
2837,TRUE
2107,FALSE
1141,FALSE
6832,TRUE
4060,TRUE
5582,FALSE
5584,FALSE
6158,FALSE
2973,FALSE
4167,TRUE
3134,FALSE
122,TRUE
165,TRUE
3657,FALSE
3168,FALSE
2407,TRUE
5527,TRUE
2498,FALSE
981,FALSE
717,TRUE
5775,FALSE
5,FALSE
194,TRUE
2642,TRUE
3987,TRUE
832,FALSE
4399,FALSE
4887,TRUE
7067,TRUE
5475,TRUE
296,FALSE
6427,TRUE
1695,TRUE
6560,FALSE
2962,TRUE
2860,FALSE
1772,TRUE
243,TRUE
4797,TRUE
3781,FALSE
1564,FALSE
6095,TRUE
4639,TRUE
6005,TRUE
5968,TRUE
5264,FALSE
6537,TRUE
580,FALSE
815,TRUE
2119,FALSE
4786,FALSE
6606,TRUE
3179,FALSE
5514,TRUE
34,TRUE
7041,TRUE
22,TRUE
3652,TRUE
6956,FALSE
3882,TRUE
1676,FALSE
7089,TRUE
5531,TRUE
6694,FALSE
56,TRUE
6827,FALSE
6491,FALSE
1195,TRUE
2074,FALSE
1910,FALSE
2554,TRUE
1303,TRUE
4637,TRUE
4540,TRUE
7007,FALSE
6131,FALSE
5818,FALSE
5708,TRUE
5970,FALSE
148,TRUE
4159,TRUE
4682,FALSE
5556,TRUE
6666,TRUE
2965,FALSE
3767,TRUE
6173,FALSE
2735,TRUE
2224,FALSE
6404,TRUE
6486,FALSE
5659,TRUE
1473,FALSE
4316,FALSE
2622,TRUE
5311,FALSE
3018,TRUE
6413,TRUE
4644,TRUE
1007,FALSE
2006,TRUE
5339,TRUE
368,TRUE
4389,TRUE
6678,TRUE
4860,FALSE
1429,TRUE
361,TRUE
1278,TRUE
4082,TRUE
6500,TRUE
2385,TRUE
741,TRUE
3738,TRUE
2669,TRUE
2912,TRUE
2620,TRUE
6461,TRUE
4016,TRUE
5256,TRUE
3665,TRUE
6482,TRUE
801,FALSE
1651,FALSE
6815,FALSE
1811,TRUE
2396,TRUE
330,TRUE
1750,FALSE
4116,TRUE
5340,FALSE
2345,TRUE
2185,TRUE
6538,FALSE
5585,TRUE
4874,FALSE
1109,FALSE
123,TRUE
4069,TRUE
5381,FALSE
4081,TRUE
4765,TRUE
444,FALSE
3999,FALSE
3565,TRUE
3934,FALSE
304,TRUE
5410,TRUE
5675,TRUE
6103,FALSE
6051,TRUE
3182,TRUE
6798,TRUE
3890,TRUE
5200,FALSE
286,FALSE
6379,FALSE
5274,TRUE
271,TRUE
6415,TRUE
5360,TRUE
3868,FALSE
1856,TRUE
3262,TRUE
3771,TRUE
3903,FALSE
985,TRUE
5498,FALSE
6655,FALSE
1114,TRUE
3647,TRUE
2086,FALSE
4986,TRUE
1370,TRUE
3176,TRUE
3086,FALSE
4074,TRUE
2092,TRUE
7038,TRUE
2995,FALSE
534,FALSE
3844,FALSE
2847,FALSE
897,FALSE
4858,FALSE
4757,FALSE
519,FALSE
4335,TRUE
4071,FALSE
4501,TRUE
2431,TRUE
5362,TRUE
4333,FALSE
3415,TRUE
623,FALSE
2414,TRUE
5700,FALSE
5609,FALSE
804,FALSE
3950,TRUE
3584,FALSE
4182,FALSE
1990,TRUE
4311,TRUE
6509,TRUE
2242,FALSE
360,TRUE
4222,TRUE
6120,FALSE
5438,TRUE
5837,TRUE
1902,TRUE
3930,TRUE
4235,FALSE
3716,FALSE
1499,FALSE
5397,FALSE
1020,FALSE
2979,TRUE
4631,TRUE
870,TRUE
7059,FALSE
3732,FALSE
5538,TRUE
3479,TRUE
4798,FALSE
1202,FALSE
4686,TRUE
6963,TRUE
5227,TRUE
1072,TRUE
5369,TRUE
5111,FALSE
2289,TRUE
6618,TRUE
3133,TRUE
6337,TRUE
63,TRUE
4163,TRUE
706,FALSE
6351,TRUE
2944,FALSE
3564,FALSE
3655,TRUE
4769,FALSE
94,FALSE
5247,FALSE
6170,TRUE
5581,TRUE
4201,TRUE
3554,TRUE
2514,TRUE
6333,FALSE
5116,TRUE
2683,FALSE
1733,FALSE
6903,TRUE
1458,FALSE
4392,TRUE
4471,FALSE
5347,FALSE
4627,FALSE
5712,FALSE
6489,FALSE
6585,TRUE
7070,TRUE
6331,FALSE
762,TRUE
4606,TRUE
6647,FALSE
4989,FALSE
2363,FALSE
3582,FALSE
6201,FALSE
5484,FALSE
3072,FALSE
6554,FALSE
150,TRUE
2619,TRUE
6749,FALSE
2994,TRUE
2508,FALSE
4689,TRUE
2899,TRUE
5229,TRUE
209,FALSE
4807,FALSE
6459,TRUE
1659,FALSE
7001,TRUE
4816,TRUE
7095,FALSE
1764,TRUE
174,TRUE
3382,TRUE
3756,FALSE
6100,TRUE
1865,FALSE
6825,TRUE
4297,TRUE
6959,TRUE
4746,FALSE
5226,TRUE
3463,FALSE
2948,FALSE
4847,FALSE
4870,TRUE
3858,TRUE
204,FALSE
6155,TRUE
5812,TRUE
2217,TRUE
5224,TRUE
2523,FALSE
1179,TRUE
1287,TRUE
2305,TRUE
5590,TRUE
5620,FALSE
578,FALSE
462,FALSE
5849,TRUE
2694,TRUE
6207,TRUE
6280,TRUE
6682,TRUE
3806,TRUE
2790,FALSE
5681,FALSE
6800,FALSE
3455,FALSE
5727,FALSE
614,TRUE
3770,TRUE
5950,TRUE
6822,FALSE
154,TRUE
3197,FALSE
3405,FALSE
6273,TRUE
4626,TRUE
6864,TRUE
58,TRUE
3029,FALSE
742,TRUE
2415,TRUE
9,FALSE
2294,TRUE
5571,TRUE
1194,FALSE
3404,TRUE
2321,FALSE
4820,TRUE
2516,TRUE
5964,FALSE
3508,TRUE
6390,FALSE
6303,TRUE
1386,FALSE
518,FALSE
1740,TRUE
5173,FALSE
5688,TRUE
1243,FALSE
3636,TRUE
10,FALSE
4474,FALSE
317,TRUE
3773,FALSE
5805,FALSE
6777,FALSE
3151,FALSE
4684,TRUE
4441,TRUE
396,FALSE
1408,TRUE
2117,FALSE
4090,FALSE
1355,FALSE
4951,TRUE
1650,TRUE
837,TRUE
2952,FALSE
4324,FALSE
5942,TRUE
3751,TRUE
846,TRUE
5933,TRUE
4444,TRUE
2337,FALSE
1755,TRUE
6980,TRUE
547,TRUE
2173,FALSE
4006,TRUE
1207,TRUE
864,FALSE
1511,FALSE
3032,TRUE
3616,FALSE
5690,FALSE
2229,FALSE
2053,FALSE
5246,FALSE
6142,TRUE
103,FALSE
3145,FALSE
648,TRUE
2692,FALSE
371,TRUE
1640,FALSE
2884,TRUE
2906,FALSE
779,FALSE
3437,FALSE
5587,TRUE
2605,TRUE
1495,FALSE
3812,TRUE
3229,FALSE
6038,TRUE
1113,TRUE
1871,TRUE
1567,FALSE
2857,FALSE
2357,FALSE
5517,FALSE
50,TRUE
142,FALSE
2373,FALSE
6999,FALSE
3390,TRUE
6508,FALSE
5207,FALSE
2017,TRUE
6643,TRUE
555,FALSE
6004,TRUE
730,TRUE
4290,FALSE
4397,TRUE
365,FALSE
6386,TRUE
5921,TRUE
2667,FALSE
7049,TRUE
1854,FALSE
877,TRUE
5249,FALSE
2027,TRUE
4906,FALSE
107,FALSE
496,FALSE
1210,TRUE
469,TRUE
3542,FALSE
252,FALSE
3280,TRUE
4381,FALSE
4905,TRUE
4950,FALSE
1456,TRUE
715,FALSE
169,FALSE
567,FALSE
160,FALSE
5183,TRUE
6883,TRUE
2918,TRUE
6012,FALSE
1605,FALSE
1638,TRUE
4565,TRUE
5881,FALSE
1515,FALSE
3129,TRUE
3698,TRUE
6727,TRUE
6090,FALSE
6734,TRUE
4296,TRUE
4591,FALSE
2621,TRUE
4837,FALSE
4063,FALSE
4408,TRUE
2521,TRUE
1554,FALSE
1821,TRUE
1174,TRUE
6806,FALSE
1329,FALSE
4502,TRUE
5578,TRUE
457,FALSE
6039,FALSE
7087,FALSE
6985,TRUE
6831,TRUE
1973,FALSE
3539,TRUE
3664,TRUE
5129,TRUE
430,TRUE
3419,FALSE
4545,TRUE
915,TRUE
5416,TRUE
6894,TRUE
5468,TRUE
4586,TRUE
7048,FALSE
1268,FALSE
392,TRUE
216,TRUE
3760,TRUE
6901,FALSE
1885,FALSE
6234,FALSE
5597,TRUE
1159,FALSE
1486,TRUE
7081,TRUE
5931,TRUE
170,TRUE
3011,FALSE
6929,TRUE
4878,FALSE
1419,FALSE
340,TRUE
2558,FALSE
1712,TRUE
6167,FALSE
2444,TRUE
3885,FALSE
1216,FALSE
1421,TRUE
791,FALSE
5937,FALSE
5786,TRUE
2771,TRUE
4927,FALSE
1872,FALSE
4244,FALSE
4253,TRUE
3587,FALSE
4541,FALSE
4146,TRUE
946,TRUE
4170,FALSE
4834,FALSE
608,TRUE
3287,FALSE
3177,FALSE
7124,FALSE
5761,TRUE
1896,FALSE
3323,TRUE
109,FALSE
2947,TRUE
6960,FALSE
5448,TRUE
4472,TRUE
6006,FALSE
4260,TRUE
351,TRUE
2787,TRUE
3960,FALSE
5834,FALSE
5797,TRUE
3969,TRUE
800,TRUE
6037,TRUE
2878,TRUE
3859,FALSE
739,TRUE
2126,TRUE
1806,FALSE
940,TRUE
3065,FALSE
522,TRUE
3283,FALSE
2376,FALSE
857,FALSE
2696,TRUE
2940,FALSE
3201,FALSE
2049,TRUE
5414,TRUE
300,FALSE
176,TRUE
4737,TRUE
6860,FALSE
2310,FALSE
3113,TRUE
5716,TRUE
5387,TRUE
2477,TRUE
1104,TRUE
1387,TRUE
6176,FALSE
4625,TRUE
6163,FALSE
4203,TRUE
6059,TRUE
2339,TRUE
2088,TRUE
6121,TRUE
6221,TRUE
3553,TRUE
4854,TRUE
6757,FALSE
5205,FALSE
121,TRUE
1471,TRUE
3583,TRUE
5132,TRUE
3702,TRUE
4578,FALSE
4547,TRUE
1012,TRUE
5352,TRUE
3525,FALSE
727,TRUE
484,FALSE
3682,FALSE
2152,FALSE
5392,FALSE
3196,TRUE
1082,TRUE
4458,TRUE
6462,TRUE
285,FALSE
2545,TRUE
3428,TRUE
1065,TRUE
2264,TRUE
6042,TRUE
5994,TRUE
6184,FALSE
2441,TRUE
2849,FALSE
6295,FALSE
4294,FALSE
4321,FALSE
6692,TRUE
5977,FALSE
765,TRUE
199,FALSE
746,TRUE
1745,TRUE
2939,FALSE
1147,FALSE
5957,TRUE
1617,TRUE
958,FALSE
1563,FALSE
4044,TRUE
6772,FALSE
6568,FALSE
5749,TRUE
2014,FALSE
3051,TRUE
1156,FALSE
3225,TRUE
4965,FALSE
6808,FALSE
1215,FALSE
2963,FALSE
1819,TRUE
2509,TRUE
5524,TRUE
5372,TRUE
4970,TRUE
5073,FALSE
6448,FALSE
5732,TRUE
6093,TRUE
5465,TRUE
3309,TRUE
2844,FALSE
1795,FALSE
6308,FALSE
6597,FALSE
4415,TRUE
1398,TRUE
5134,TRUE
2923,FALSE
4979,TRUE
3095,FALSE
6852,TRUE
6052,FALSE
3242,TRUE
4655,FALSE
6613,FALSE
5537,FALSE
3724,TRUE
6790,TRUE
3165,TRUE
4531,TRUE
499,FALSE
2759,FALSE
1093,FALSE
2950,FALSE
5066,FALSE
4053,FALSE
3979,FALSE
5862,TRUE
1654,FALSE
2664,TRUE
1962,TRUE
6385,TRUE
1612,FALSE
5746,TRUE
5337,FALSE
4109,FALSE
4791,FALSE
930,FALSE
1336,TRUE
933,FALSE
4590,TRUE
782,FALSE
4755,FALSE
479,TRUE
1095,FALSE
1698,FALSE
446,TRUE
6407,TRUE
3207,FALSE
2122,TRUE
4946,FALSE
517,TRUE
1971,TRUE
3818,FALSE
5061,FALSE
740,FALSE
5113,FALSE
6773,TRUE
2237,TRUE
1431,FALSE
5462,FALSE
1224,FALSE
5051,FALSE
7094,TRUE
1271,FALSE
2416,FALSE
82,TRUE
5322,FALSE
6622,FALSE
6521,TRUE
2058,TRUE
6589,TRUE
346,TRUE
1618,TRUE
6699,TRUE
6961,FALSE
3815,TRUE
4976,TRUE
1939,TRUE
827,FALSE
3531,TRUE
6440,FALSE
1585,FALSE
3653,TRUE
6382,FALSE
3193,TRUE
1415,TRUE
1363,FALSE
6665,FALSE
4561,FALSE
4459,FALSE
3887,FALSE
980,FALSE
2614,FALSE
210,FALSE
2833,TRUE
2600,FALSE
1252,FALSE
381,TRUE
6340,TRUE
1634,FALSE
3906,TRUE
2051,FALSE
6877,TRUE
6190,FALSE
1951,TRUE
3801,FALSE
2078,TRUE
355,TRUE
4463,FALSE
5382,TRUE
1105,TRUE
6526,FALSE
2208,FALSE
4720,FALSE
5883,FALSE
331,TRUE
4158,FALSE
4898,TRUE
710,TRUE
4636,TRUE
700,TRUE
476,FALSE
4728,TRUE
3330,TRUE
4192,FALSE
5710,TRUE
2057,TRUE
1940,TRUE
6316,TRUE
6649,TRUE
3235,TRUE
4651,TRUE
971,TRUE
7104,TRUE
4883,TRUE
719,TRUE
5673,FALSE
3840,TRUE
5150,FALSE
2033,FALSE
4909,TRUE
1426,FALSE
5575,FALSE
5546,TRUE
412,TRUE
3974,TRUE
3796,FALSE
2241,FALSE
1304,TRUE
947,FALSE
1225,TRUE
4437,FALSE
5579,TRUE
5850,TRUE
5973,TRUE
636,FALSE
3407,FALSE
684,TRUE
86,TRUE
4570,TRUE
2852,FALSE
2650,FALSE
407,TRUE
757,TRUE
3470,FALSE
6477,TRUE
794,TRUE
92,FALSE
7116,TRUE
855,FALSE
5512,FALSE
6186,FALSE
973,TRUE
5396,TRUE
6714,FALSE
43,TRUE
5998,FALSE
7106,TRUE
98,FALSE
2926,TRUE
4291,FALSE
3853,TRUE
1492,TRUE
2062,TRUE
143,TRUE
4975,TRUE
196,TRUE
4875,TRUE
6755,TRUE
80,FALSE
5118,FALSE
5668,FALSE
1009,TRUE
6709,FALSE
6603,FALSE
2795,TRUE
7102,TRUE
4713,TRUE
46,FALSE
1830,FALSE
4073,TRUE
1372,TRUE
4140,TRUE
1937,FALSE
962,FALSE
2964,FALSE
1136,FALSE
37,FALSE
6636,FALSE
5874,FALSE
4017,TRUE
4572,FALSE
1710,TRUE
4322,TRUE
868,FALSE
6380,TRUE
4550,FALSE
6020,TRUE
889,FALSE
270,FALSE
1901,TRUE
241,TRUE
2591,TRUE
137,FALSE
5234,FALSE
5920,FALSE
6932,TRUE
4105,TRUE
789,FALSE
642,FALSE
4162,TRUE
6745,FALSE
2986,FALSE
3671,TRUE
1292,TRUE
4125,TRUE
6572,FALSE
2672,FALSE
5487,FALSE
5042,TRUE
1665,TRUE
2192,FALSE
2045,TRUE
2454,FALSE
4384,TRUE
2021,TRUE
55,TRUE
177,TRUE
7050,TRUE
4132,FALSE
5160,TRUE
1974,FALSE
284,FALSE
4821,FALSE
5930,TRUE
4835,FALSE
3651,FALSE
6659,TRUE
6531,TRUE
3248,FALSE
5015,FALSE
6602,FALSE
323,FALSE
4387,TRUE
6286,FALSE
3015,TRUE
1485,FALSE
5005,TRUE
1643,TRUE
1656,TRUE
6624,TRUE
1557,FALSE
3996,FALSE
6739,TRUE
2343,FALSE
5758,TRUE
6357,TRUE
1165,TRUE
3102,FALSE
2981,TRUE
4371,TRUE
3718,FALSE
7025,FALSE
1023,FALSE
1464,FALSE
1500,FALSE
5663,FALSE
3401,TRUE
917,TRUE
3104,TRUE
278,FALSE
5619,TRUE
2515,FALSE
4479,FALSE
5969,FALSE
1213,TRUE
6867,FALSE
821,TRUE
33,TRUE
2864,TRUE
190,TRUE
2624,FALSE
6179,FALSE
1723,FALSE
5275,FALSE
4448,TRUE
1294,FALSE
4800,FALSE
3520,TRUE
6912,TRUE
5312,TRUE
6925,FALSE
3178,TRUE
1784,TRUE
5686,TRUE
6109,TRUE
1036,FALSE
2183,TRUE
166,FALSE
1472,TRUE
1873,TRUE
1516,FALSE
1477,TRUE
3303,FALSE
2865,TRUE
3952,FALSE
3709,FALSE
2490,TRUE
3515,TRUE
3381,TRUE
5237,FALSE
3878,FALSE
3328,FALSE
5586,TRUE
6287,FALSE
1824,FALSE
5045,TRUE
3332,TRUE
2121,TRUE
7014,FALSE
6414,TRUE
4672,FALSE
1662,TRUE
4318,FALSE
618,FALSE
1958,TRUE
4393,TRUE
1735,TRUE
3831,TRUE
6146,FALSE
4607,TRUE
6872,TRUE
2769,TRUE
4662,TRUE
2110,TRUE
4760,FALSE
4772,FALSE
2313,TRUE
1883,FALSE
1234,TRUE
1255,FALSE
6292,TRUE
308,FALSE
7078,FALSE
184,FALSE
2324,TRUE
594,FALSE
3447,FALSE
5979,FALSE
2450,TRUE
3250,TRUE
3838,TRUE
1798,FALSE
983,TRUE
2279,FALSE
2890,FALSE
4185,TRUE
6913,TRUE
4611,TRUE
3585,FALSE
6225,FALSE
5988,FALSE
7096,TRUE
6031,TRUE
1589,FALSE
4193,TRUE
1808,TRUE
2581,FALSE
2526,TRUE
2059,FALSE
2346,TRUE
606,TRUE
4139,TRUE
4944,TRUE
6906,FALSE
6305,FALSE
6438,TRUE
2234,FALSE
4510,FALSE
4813,FALSE
3871,FALSE
6920,FALSE
6364,FALSE
6754,FALSE
5043,TRUE
6017,FALSE
5357,TRUE
6934,TRUE
5300,TRUE
6557,FALSE
1852,TRUE
1737,FALSE
3780,TRUE
1679,FALSE
5992,TRUE
1892,TRUE
1573,TRUE
4212,TRUE
7021,TRUE
356,FALSE
2550,TRUE
4529,TRUE
6848,TRUE
4739,FALSE
4412,TRUE
1353,TRUE
5236,TRUE
795,FALSE
2405,FALSE
57,TRUE
671,FALSE
7026,TRUE
2822,TRUE
788,TRUE
2960,FALSE
6497,FALSE
6891,TRUE
4773,FALSE
6408,TRUE
438,TRUE
514,FALSE
1002,FALSE
3967,FALSE
1556,FALSE
5088,FALSE
3562,TRUE
6812,TRUE
4366,TRUE
2602,FALSE
1660,FALSE
891,TRUE
2942,TRUE
2674,FALSE
5058,TRUE
2326,FALSE
182,TRUE
2577,FALSE
6193,FALSE
1350,TRUE
4982,TRUE
1934,TRUE
6326,TRUE
497,TRUE
3750,TRUE
1280,FALSE
5694,TRUE
4249,FALSE
4998,FALSE
2325,TRUE
202,FALSE
3365,FALSE
3243,TRUE
4256,TRUE
3208,FALSE
5627,TRUE
3286,FALSE
1829,TRUE
6845,FALSE
3744,FALSE
4601,TRUE
764,FALSE
6219,FALSE
1572,TRUE
5607,FALSE
2978,FALSE
5518,FALSE
2825,FALSE
6283,FALSE
6484,TRUE
23,TRUE
2254,FALSE
6036,TRUE
2134,FALSE
6300,FALSE
1657,TRUE
3900,TRUE
1690,FALSE
2499,TRUE
6494,FALSE
5239,TRUE
1606,FALSE
4853,TRUE
3541,FALSE
5466,TRUE
2980,FALSE
2426,TRUE
5336,FALSE
3231,FALSE
3788,FALSE
3598,FALSE
6499,FALSE
2548,FALSE
6954,FALSE
1713,TRUE
7032,TRUE
5798,TRUE
2889,FALSE
6570,FALSE
2764,FALSE
536,TRUE
5562,TRUE
6159,FALSE
2470,FALSE
2319,FALSE
2765,FALSE
3851,FALSE
662,TRUE
6428,FALSE
1116,TRUE
24,FALSE
2355,FALSE
3311,FALSE
4319,FALSE
5558,TRUE
1853,FALSE
6172,FALSE
3943,FALSE
4143,TRUE
7009,TRUE
5717,TRUE
3378,TRUE
2695,TRUE
4657,FALSE
5004,TRUE
5001,FALSE
4722,TRUE
5640,TRUE
6322,TRUE
3457,TRUE
3852,TRUE
6246,TRUE
5794,FALSE
4841,TRUE
4022,TRUE
5420,FALSE
2855,TRUE
720,FALSE
1565,TRUE
3297,TRUE
5791,FALSE
1396,TRUE
2610,FALSE
3154,TRUE
7027,TRUE
4517,FALSE
1050,TRUE
288,FALSE
1730,TRUE
4877,TRUE
4308,FALSE
4431,FALSE
425,TRUE
5221,FALSE
565,TRUE
6779,FALSE
5376,TRUE
1155,FALSE
1586,TRUE
4864,FALSE
6634,TRUE
848,TRUE
5508,FALSE
4480,TRUE
834,TRUE
4872,FALSE
4705,TRUE
5048,TRUE
5638,TRUE
3126,FALSE
6023,TRUE
4725,FALSE
6751,FALSE
2718,FALSE
4680,FALSE
6110,TRUE
3204,FALSE
1306,TRUE
6733,TRUE
1930,TRUE
573,TRUE
3279,FALSE
2797,FALSE
2420,FALSE
691,FALSE
5897,TRUE
6293,FALSE
5083,TRUE
4331,FALSE
3933,TRUE
6575,FALSE
4433,TRUE
6885,TRUE
3835,TRUE
3637,TRUE
1445,FALSE
866,TRUE
3075,TRUE
3476,FALSE
3567,TRUE
4088,TRUE
3079,FALSE
3253,TRUE
6594,TRUE
1888,FALSE
320,TRUE
5371,TRUE
273,TRUE
2011,TRUE
417,FALSE
2684,TRUE
6922,TRUE
2076,FALSE
6567,TRUE
3630,FALSE
2252,FALSE
760,FALSE
736,TRUE
5062,FALSE
5094,TRUE
4323,TRUE
6871,TRUE
2009,TRUE
5007,TRUE
3517,FALSE
2870,TRUE
18,FALSE
768,FALSE
595,TRUE
1211,TRUE
132,TRUE
6837,TRUE
5191,TRUE
828,TRUE
2559,FALSE
2988,FALSE
6138,FALSE
6638,TRUE
6127,FALSE
245,TRUE
4771,TRUE
2024,TRUE
5859,TRUE
3268,FALSE
6358,FALSE
3595,TRUE
1919,TRUE
4676,FALSE
5551,FALSE
5480,FALSE
5613,FALSE
3395,TRUE
2908,TRUE
5444,FALSE
907,FALSE
6587,TRUE
2251,FALSE
6441,FALSE
4653,TRUE
4794,TRUE
5171,TRUE
1754,FALSE
2633,TRUE
2483,FALSE
2378,FALSE
363,TRUE
1582,TRUE
5814,TRUE
4505,FALSE
2539,FALSE
2468,FALSE
159,TRUE
3728,TRUE
6032,TRUE
6804,FALSE
6254,TRUE
1850,FALSE
3372,FALSE
4806,FALSE
6895,FALSE
1814,TRUE
2753,TRUE
3932,FALSE
5591,TRUE
3289,FALSE
342,FALSE
1591,TRUE
492,FALSE
2821,TRUE
1346,TRUE
5728,FALSE
5186,TRUE
3188,FALSE
3959,TRUE
4992,FALSE
3492,TRUE
5032,TRUE
1390,TRUE
2563,TRUE
1094,FALSE
2631,TRUE
735,FALSE
2311,TRUE
6387,TRUE
370,TRUE
611,TRUE
6244,TRUE
4802,FALSE
3281,FALSE
1580,FALSE
2375,TRUE
5365,TRUE
1028,FALSE
5353,TRUE
5919,FALSE
6970,TRUE
3233,FALSE
4792,FALSE
1609,FALSE
5346,FALSE
5090,TRUE
3688,TRUE
1029,FALSE
5002,FALSE
6697,TRUE
5271,TRUE
3431,FALSE
5824,TRUE
1405,FALSE
6373,TRUE
1360,TRUE
3198,TRUE
5529,FALSE
6195,FALSE
1841,FALSE
3472,TRUE
313,FALSE
7086,TRUE
6338,TRUE
3024,FALSE
2788,TRUE
5338,TRUE
6346,TRUE
6114,TRUE
254,TRUE
3480,FALSE
6645,FALSE
5056,FALSE
2247,FALSE
3453,FALSE
6076,FALSE
2154,TRUE
2275,TRUE
969,TRUE
268,TRUE
3162,TRUE
6516,TRUE
3610,TRUE
322,TRUE
4745,TRUE
3656,TRUE
5520,TRUE
1411,TRUE
4475,FALSE
1356,FALSE
5361,FALSE
3034,TRUE
1391,TRUE
3602,FALSE
5078,TRUE
2570,TRUE
4374,FALSE
6984,FALSE
3439,FALSE
4018,FALSE
4985,TRUE
4083,TRUE
5398,TRUE
5020,TRUE
1183,FALSE
5840,TRUE
982,FALSE
5120,TRUE
85,FALSE
703,FALSE
1348,FALSE
95,FALSE
5705,FALSE
979,FALSE
1416,TRUE
5349,TRUE
297,FALSE
4225,TRUE
4604,FALSE
5692,FALSE
1570,FALSE
4902,TRUE
223,TRUE
3920,TRUE
2143,FALSE
3828,TRUE
6227,FALSE
1621,FALSE
3861,TRUE
5730,TRUE
5041,FALSE
1519,FALSE
6041,FALSE
3130,FALSE
4828,FALSE
5209,TRUE
2384,TRUE
2248,TRUE
4569,TRUE
4040,FALSE
5385,FALSE
1669,TRUE
2903,TRUE
4969,TRUE
5770,FALSE
2257,TRUE
6310,TRUE
1440,FALSE
5910,FALSE
4721,FALSE
5932,FALSE
876,FALSE
6609,TRUE
4042,FALSE
3266,TRUE
4231,FALSE
681,TRUE
628,FALSE
6611,FALSE
6719,FALSE
5701,FALSE
2645,TRUE
3325,TRUE
4915,FALSE
4271,TRUE
1454,TRUE
3735,FALSE
1847,TRUE
1746,FALSE
1785,FALSE
327,FALSE
2397,TRUE
1314,TRUE
2589,TRUE
4738,TRUE
4947,FALSE
6596,TRUE
1522,TRUE
3105,FALSE
2001,TRUE
577,FALSE
69,FALSE
2356,TRUE
6562,TRUE
4618,FALSE
1313,FALSE
1417,FALSE
6314,TRUE
4885,TRUE
1371,FALSE
6496,FALSE
1960,TRUE
708,FALSE
5189,TRUE
6908,FALSE
1439,FALSE
3705,FALSE
5654,FALSE
6079,TRUE
3187,FALSE
2555,FALSE
21,TRUE
2064,TRUE
4983,TRUE
2296,TRUE
3648,TRUE
1742,FALSE
463,FALSE
5210,FALSE
2063,TRUE
2484,FALSE
1137,FALSE
4953,FALSE
4034,TRUE
2629,FALSE
6652,TRUE
3755,FALSE
117,FALSE
5190,TRUE
6686,FALSE
4632,FALSE
2681,TRUE
6701,TRUE
5489,FALSE
3110,TRUE
3804,TRUE
2015,FALSE
2439,TRUE
6942,TRUE
7062,FALSE
4312,FALSE
2391,FALSE
1498,TRUE
3686,FALSE
1192,FALSE
3137,FALSE
3305,TRUE
395,TRUE
6529,TRUE
4265,TRUE
3080,TRUE
5953,FALSE
4356,TRUE
4151,FALSE
3927,TRUE
3826,TRUE
2283,TRUE
145,TRUE
6910,TRUE
5901,FALSE
4897,TRUE
5821,FALSE
6742,FALSE
705,TRUE
2182,FALSE
6389,FALSE
2268,TRUE
4597,FALSE
1646,FALSE
5601,FALSE
7103,TRUE
4141,TRUE
5589,FALSE
3646,TRUE
1860,TRUE
5629,FALSE
3477,TRUE
230,FALSE
2209,FALSE
7098,TRUE
724,FALSE
2390,FALSE
4783,FALSE
4295,TRUE
232,TRUE
4839,FALSE
1767,FALSE
1673,TRUE
3599,FALSE
5678,FALSE
4907,FALSE
852,FALSE
6928,FALSE
858,FALSE
1004,FALSE
1983,TRUE
1645,FALSE
5115,TRUE
3639,FALSE
1749,TRUE
4727,TRUE
4098,FALSE
816,FALSE
504,TRUE
5408,FALSE
2789,TRUE
4012,TRUE
7031,FALSE
6154,FALSE
745,FALSE
894,TRUE
6820,FALSE
3246,FALSE
2293,TRUE
5809,TRUE
732,TRUE
5395,FALSE
1880,TRUE
3296,TRUE
305,FALSE
6819,FALSE
6001,TRUE
3020,FALSE
4978,TRUE
2422,FALSE
5164,TRUE
1671,TRUE
559,TRUE
723,TRUE
7071,TRUE
2816,FALSE
1100,TRUE
6069,TRUE
986,TRUE
3397,TRUE
1235,FALSE
3892,FALSE
4447,FALSE
1626,FALSE
3236,TRUE
2335,FALSE
4168,TRUE
5050,TRUE
6243,TRUE
5513,FALSE
1254,TRUE
3689,FALSE
3505,FALSE
5260,FALSE
6684,TRUE
2460,FALSE
2949,TRUE
1025,TRUE
2800,TRUE
5179,FALSE
5184,FALSE
1102,FALSE
1168,TRUE
5954,TRUE
1976,FALSE
921,FALSE
4533,TRUE
6247,TRUE
6474,FALSE
1546,TRUE
2687,FALSE
2623,TRUE
5948,TRUE
5592,TRUE
5000,FALSE
6592,FALSE
4019,FALSE
5963,TRUE
4239,TRUE
6073,FALSE
908,FALSE
5892,FALSE
5857,FALSE
5144,FALSE
5804,TRUE
604,TRUE
4054,TRUE
1553,TRUE
4372,TRUE
6044,FALSE
1765,TRUE
1700,FALSE
227,FALSE
2934,TRUE
2506,FALSE
6569,TRUE
197,TRUE
4980,TRUE
2005,TRUE
778,TRUE
5147,FALSE
4706,TRUE
3666,TRUE
5598,TRUE
7099,TRUE
6854,TRUE
6555,FALSE
4326,FALSE
617,TRUE
2731,FALSE
793,TRUE
1935,FALSE
1133,FALSE
716,FALSE
6417,TRUE
4674,FALSE
1987,TRUE
3206,TRUE
2507,TRUE
5844,TRUE
3946,FALSE
5774,TRUE
1631,TRUE
7066,FALSE
6236,TRUE
4407,TRUE
4829,TRUE
1614,TRUE
4742,TRUE
5816,FALSE
2587,TRUE
3256,FALSE
2907,TRUE
3467,TRUE
6065,TRUE
2302,TRUE
4602,TRUE
4111,FALSE
4867,TRUE
5885,FALSE
4009,TRUE
6336,FALSE
3254,TRUE
410,TRUE
3422,FALSE
5292,FALSE
2998,FALSE
131,FALSE
1365,FALSE
5891,TRUE
4555,TRUE
2882,TRUE
1780,TRUE
3245,TRUE
1166,FALSE
1548,TRUE
6553,FALSE
5618,FALSE
3329,TRUE
6409,TRUE
2273,TRUE
4133,FALSE
3548,TRUE
2706,FALSE
7051,FALSE
2853,FALSE
5006,FALSE
4008,TRUE
1857,TRUE
4327,TRUE
4207,FALSE
3141,TRUE
1991,FALSE
3661,FALSE
2856,TRUE
5504,TRUE
1957,TRUE
4508,TRUE
1229,FALSE
4332,FALSE
5238,FALSE
1833,TRUE
2796,FALSE
5990,TRUE
5033,FALSE
2560,TRUE
3676,TRUE
2421,TRUE
3371,TRUE
4091,TRUE
264,FALSE
4370,TRUE
4599,FALSE
5124,FALSE
6693,TRUE
5492,TRUE
3855,FALSE
2536,TRUE
633,FALSE
4416,FALSE
1438,TRUE
2842,TRUE
1870,FALSE
3396,TRUE
5941,FALSE
3574,FALSE
6324,TRUE
3337,TRUE
106,TRUE
1074,FALSE
6764,FALSE
1475,FALSE
3384,TRUE
7037,FALSE
3144,TRUE
3644,TRUE
1653,FALSE
269,FALSE
3512,FALSE
3741,FALSE
2197,TRUE
843,FALSE
2913,FALSE
2713,TRUE
3753,FALSE
6040,FALSE
2823,TRUE
4683,TRUE
3854,TRUE
5748,TRUE
1977,FALSE
3436,FALSE
1611,TRUE
2671,TRUE
2476,TRUE
3668,TRUE
2271,TRUE
906,FALSE
4217,TRUE
5153,FALSE
1186,FALSE
5605,TRUE
4615,FALSE
1319,TRUE
4996,FALSE
6126,TRUE
1130,TRUE
1084,FALSE
6189,TRUE
5669,FALSE
3169,FALSE
4928,FALSE
4808,TRUE
2010,TRUE
5040,TRUE
375,TRUE
6125,TRUE
1444,TRUE
3153,TRUE
4424,FALSE
5181,TRUE
790,TRUE
1514,TRUE
4640,FALSE
1157,TRUE
4654,TRUE
929,TRUE
3295,TRUE
3975,FALSE
3048,TRUE
7115,TRUE
2596,FALSE
5689,TRUE
2202,TRUE
4023,TRUE
3203,FALSE
2077,FALSE
5800,TRUE
5053,TRUE
1120,TRUE
1466,TRUE
2632,FALSE
6986,TRUE
472,TRUE
590,TRUE
5451,TRUE
3377,FALSE
1049,TRUE
3050,TRUE
4628,TRUE
2437,TRUE
2862,TRUE
1604,FALSE
4066,FALSE
2714,FALSE
6698,FALSE
207,FALSE
6810,TRUE
4191,FALSE
5415,TRUE
2032,TRUE
650,FALSE
5167,TRUE
3016,TRUE
7069,FALSE
3633,TRUE
6237,FALSE
6475,TRUE
5319,TRUE
3685,FALSE
819,TRUE
6539,TRUE
5329,FALSE
2919,TRUE
551,FALSE
5457,FALSE
6759,TRUE
2748,FALSE
1447,FALSE
2646,TRUE
3507,TRUE
1560,TRUE
6887,FALSE
5535,TRUE
5350,FALSE
3064,FALSE
3701,TRUE
3798,TRUE
6147,FALSE
1448,FALSE
5664,FALSE
7030,TRUE
1652,TRUE
2626,FALSE
1418,TRUE
3240,TRUE
5939,TRUE
1771,TRUE
520,TRUE
7092,FALSE
1815,FALSE
5911,TRUE
415,FALSE
5868,FALSE
777,FALSE
6675,FALSE
808,FALSE
149,FALSE
5636,TRUE
2761,TRUE
675,TRUE
1227,TRUE
4620,TRUE
2128,TRUE
2111,FALSE
1217,TRUE
485,FALSE
849,TRUE
200,FALSE
6116,TRUE
1058,TRUE
4494,TRUE
436,FALSE
2409,TRUE
4566,FALSE
2608,FALSE
2534,FALSE
6187,TRUE
6559,TRUE
2,TRUE
3247,FALSE
1906,FALSE
3306,TRUE
7011,FALSE
2222,TRUE
4112,TRUE
67,FALSE
3274,FALSE
4581,FALSE
5326,FALSE
2050,TRUE
1531,TRUE
570,TRUE
3493,TRUE
1949,TRUE
2742,TRUE
6493,FALSE
1188,FALSE
1619,FALSE
6018,FALSE
6892,FALSE
1283,TRUE
6050,TRUE
2030,FALSE
3042,TRUE
1406,FALSE
6836,TRUE
1167,FALSE
3312,FALSE
2874,FALSE
1115,FALSE
6657,TRUE
4595,TRUE
6185,TRUE
3070,TRUE
1433,TRUE
1720,TRUE
1305,TRUE
32,TRUE
6222,FALSE
5441,FALSE
3695,TRUE
1470,TRUE
656,TRUE
7121,FALSE
1395,FALSE
3443,FALSE
5287,TRUE
3491,TRUE
3498,TRUE
1978,TRUE
3318,TRUE
4515,TRUE
6612,FALSE
2894,TRUE
2682,TRUE
4513,TRUE
5195,FALSE
6823,FALSE
3886,TRUE
2924,TRUE
3899,FALSE
5726,TRUE
6760,TRUE
3663,FALSE
3989,TRUE
2424,FALSE
692,TRUE
6648,TRUE
3747,TRUE
5452,TRUE
3523,TRUE
4336,FALSE
863,FALSE
6964,TRUE
6381,TRUE
6168,TRUE
5299,FALSE
7053,TRUE
4104,TRUE
1932,TRUE
5317,TRUE
5576,FALSE
2129,TRUE
1476,FALSE
1916,TRUE
6846,TRUE
3897,TRUE
2686,TRUE
2159,FALSE
3970,FALSE
2047,TRUE
3460,TRUE
5927,FALSE
4643,TRUE
5180,TRUE
1675,TRUE
1189,TRUE
4704,FALSE
5614,TRUE
5536,TRUE
138,FALSE
5283,FALSE
3982,TRUE
823,FALSE
1741,FALSE
5858,FALSE
5284,FALSE
6691,FALSE
885,TRUE
7002,TRUE
1781,FALSE
4912,FALSE
2638,TRUE
3452,TRUE
6411,FALSE
1080,TRUE
5375,TRUE
4959,FALSE
835,TRUE
6078,TRUE
6528,FALSE
4719,FALSE
4629,FALSE
6621,TRUE
4656,TRUE
6527,TRUE
5266,FALSE
312,TRUE
4144,TRUE
6072,TRUE
1193,TRUE
5325,TRUE
1003,TRUE
5178,FALSE
1879,TRUE
5128,TRUE
6673,FALSE
2216,TRUE
1641,TRUE
5672,TRUE
4117,TRUE
3358,TRUE
817,TRUE
6604,FALSE
2977,FALSE
4995,FALSE
6055,TRUE
5649,TRUE
357,FALSE
4753,TRUE
2567,FALSE
1491,FALSE
6112,FALSE
5035,FALSE
5174,TRUE
2750,FALSE
1828,TRUE
5010,TRUE
206,FALSE
5423,TRUE
5848,TRUE
6573,FALSE
6256,FALSE
2655,FALSE
255,TRUE
1866,FALSE
2042,FALSE
2443,TRUE
6321,TRUE
2991,TRUE
6391,TRUE
1731,FALSE
798,TRUE
6584,TRUE
6060,TRUE
7112,TRUE
989,FALSE
4103,TRUE
5328,FALSE
3674,TRUE
1773,FALSE
935,FALSE
4973,FALSE
1345,TRUE
2440,TRUE
2566,TRUE
1628,TRUE
1576,TRUE
1276,FALSE
1185,TRUE
3304,FALSE
3333,TRUE
4893,FALSE
655,FALSE
2928,TRUE
2442,TRUE
2818,FALSE
3125,FALSE
3723,TRUE
1369,FALSE
90,FALSE
2198,FALSE
6802,TRUE
3516,FALSE
4038,TRUE
4173,FALSE
4221,FALSE
4752,TRUE
3874,FALSE
4762,TRUE
2417,FALSE
2616,FALSE
900,TRUE
4346,FALSE
3509,TRUE
6532,FALSE
6826,TRUE
6977,FALSE
5044,FALSE
2691,TRUE
4489,TRUE
369,FALSE
3212,TRUE
833,TRUE
591,TRUE
3618,TRUE
1178,TRUE
3241,FALSE
4668,TRUE
6160,TRUE
3612,TRUE
362,TRUE
4183,FALSE
321,TRUE
4354,TRUE
2211,TRUE
5882,FALSE
5648,TRUE
5155,TRUE
343,TRUE
6610,FALSE
2270,TRUE
2207,TRUE
2446,TRUE
6212,FALSE
4247,TRUE
3986,FALSE
426,FALSE
6953,FALSE
2478,FALSE
669,TRUE
5097,FALSE
5437,FALSE
3074,TRUE
3490,FALSE
4062,TRUE
1812,FALSE
707,FALSE
4730,TRUE
743,TRUE
2084,TRUE
1256,FALSE
2863,FALSE
3037,TRUE
3025,FALSE
2130,FALSE
2314,TRUE
3392,FALSE
5049,TRUE
2459,TRUE
995,TRUE
3696,TRUE
2171,TRUE
3687,FALSE
5912,TRUE
2464,TRUE
359,TRUE
2070,TRUE
6758,TRUE
5903,FALSE
6436,TRUE
2618,TRUE
2848,TRUE
3962,TRUE
543,FALSE
3341,FALSE
6605,TRUE
1994,TRUE
3746,FALSE
3224,TRUE
141,TRUE
1975,TRUE
1578,FALSE
2593,FALSE
4110,TRUE
4764,FALSE
4350,TRUE
3496,TRUE
3552,FALSE
386,TRUE
3752,FALSE
4129,TRUE
6061,TRUE
3255,FALSE
6476,FALSE
6400,FALSE
7036,TRUE
2709,TRUE
3394,TRUE
316,TRUE
5003,FALSE
5674,TRUE
888,TRUE
1088,TRUE
1714,FALSE
2689,TRUE
1323,TRUE
3603,FALSE
2398,FALSE
2512,TRUE
1330,FALSE
2946,TRUE
4106,TRUE
156,FALSE
1917,FALSE
6194,TRUE
2968,TRUE
6971,TRUE
5666,FALSE
299,TRUE
1264,TRUE
3713,FALSE
4278,FALSE
951,FALSE
5059,FALSE
6281,FALSE
5344,FALSE
2156,FALSE
2958,FALSE
2145,TRUE
3078,TRUE
108,FALSE
6672,TRUE
4456,FALSE
978,FALSE
1914,FALSE
3622,FALSE
1708,FALSE
4434,TRUE
4768,FALSE
3300,TRUE
4880,TRUE
3611,FALSE
4280,FALSE
29,TRUE
5081,FALSE
5146,FALSE
435,TRUE
6995,FALSE
1734,TRUE
4803,FALSE
6738,TRUE
3383,TRUE
1383,TRUE
6465,TRUE
6241,FALSE
2401,TRUE
1175,FALSE
453,FALSE
3066,TRUE
2982,TRUE
5949,TRUE
6374,FALSE
4174,FALSE
6801,TRUE
2091,TRUE
2781,FALSE
4879,FALSE
1805,FALSE
3945,TRUE
2369,FALSE
5756,FALSE
5698,FALSE
3350,FALSE
3971,FALSE
6793,TRUE
4121,FALSE
3117,TRUE
3638,TRUE
4789,FALSE
4512,TRUE
2538,TRUE
3503,FALSE
1832,FALSE
3108,TRUE
7091,TRUE
6092,TRUE
584,FALSE
5823,FALSE
5133,TRUE
1703,TRUE
585,FALSE
5603,FALSE
2574,TRUE
6943,FALSE
3481,TRUE
1955,FALSE
3167,FALSE
6094,TRUE
2625,FALSE
2775,FALSE
1512,TRUE
5509,TRUE
2888,TRUE
303,FALSE
5501,TRUE
5747,TRUE
445,FALSE
3164,TRUE
5060,TRUE
6421,TRUE
1503,FALSE
1683,FALSE
4155,TRUE
3398,TRUE
5084,TRUE
6288,FALSE
6776,TRUE
2808,TRUE
1073,TRUE
6817,TRUE
6231,FALSE
4726,TRUE
5202,TRUE
2597,TRUE
1290,TRUE
4403,TRUE
1504,FALSE
6833,TRUE
2710,TRUE
1997,TRUE
6353,TRUE
2777,TRUE
4544,TRUE
4711,TRUE
3802,FALSE
6834,TRUE
47,FALSE
3069,TRUE
6104,TRUE
4206,TRUE
5600,TRUE
5296,TRUE
3019,FALSE
2835,FALSE
3094,FALSE
5793,FALSE
5560,FALSE
5557,TRUE
115,FALSE
2571,FALSE
373,FALSE
2317,TRUE
1905,FALSE
6249,FALSE
6681,FALSE
6182,FALSE
2213,TRUE
1067,FALSE
5431,FALSE
6066,TRUE
3918,FALSE
2774,TRUE
2757,TRUE
3083,TRUE
5847,TRUE
1218,TRUE
6511,TRUE
1595,TRUE
3103,FALSE
556,TRUE
4688,FALSE
1103,TRUE
2327,TRUE
2408,TRUE
5106,FALSE
6328,FALSE
3265,FALSE
1039,TRUE
3047,FALSE
6013,TRUE
6866,TRUE
3869,TRUE
3792,TRUE
3100,TRUE
2497,TRUE
6492,FALSE
6352,TRUE
6674,FALSE
2564,TRUE
5278,FALSE
811,FALSE
178,FALSE
2727,FALSE
1826,TRUE
3357,FALSE
1366,TRUE
1469,FALSE
6074,TRUE
2102,TRUE
4466,FALSE
5630,TRUE
3216,TRUE
6124,TRUE
695,TRUE
1667,TRUE
896,FALSE
5841,TRUE
4390,TRUE
6271,FALSE
3609,TRUE
5962,TRUE
2488,TRUE
2127,TRUE
5890,FALSE
4652,TRUE
840,FALSE
6746,TRUE
1296,TRUE
2606,TRUE
2035,FALSE
4093,FALSE
1437,FALSE
998,FALSE
904,FALSE
4759,TRUE
5521,TRUE
6718,TRUE
261,FALSE
4002,TRUE
5935,FALSE
6552,FALSE
4050,FALSE
6671,TRUE
1788,TRUE
4030,FALSE
2604,TRUE
5426,FALSE
5580,TRUE
3140,TRUE
4521,TRUE
6590,TRUE
1599,TRUE
785,FALSE
3319,TRUE
3779,TRUE
2303,TRUE
1400,TRUE
553,TRUE
4506,TRUE
6869,FALSE
1566,TRUE
5289,TRUE
5621,TRUE
2992,FALSE
6375,FALSE
4199,TRUE
4576,FALSE
3335,TRUE
4780,TRUE
3545,TRUE
6658,FALSE
6136,FALSE
2500,TRUE
3001,FALSE
5851,FALSE
470,FALSE
4548,TRUE
1574,TRUE
3833,TRUE
4938,TRUE
4048,TRUE
4395,TRUE
2779,FALSE
5162,FALSE
5077,FALSE
4669,FALSE
541,TRUE
4254,TRUE
2096,TRUE
6183,TRUE
5788,FALSE
7003,FALSE
1972,FALSE
1061,FALSE
1909,FALSE
2815,TRUE
3276,FALSE
3762,FALSE
4259,FALSE
3045,TRUE
298,TRUE
2834,FALSE
2760,FALSE
4863,FALSE
4120,FALSE
6279,TRUE
1197,FALSE
3763,TRUE
2082,TRUE
6561,FALSE
7035,TRUE
5323,FALSE
1716,FALSE
3194,FALSE
5806,TRUE
2772,FALSE
1913,FALSE
6564,TRUE
1775,FALSE
3614,TRUE
902,TRUE
3589,TRUE
5679,FALSE
5670,TRUE
3071,TRUE
3902,TRUE
4204,TRUE
626,FALSE
5421,TRUE
6998,TRUE
5549,TRUE
1187,FALSE
6398,TRUE
5403,TRUE
6447,FALSE
2458,TRUE
4004,TRUE
4659,TRUE
4761,TRUE
3935,FALSE
427,FALSE
3338,TRUE
4380,FALSE
2927,TRUE
2080,TRUE
678,TRUE
5719,TRUE
5407,TRUE
25,FALSE
5151,FALSE
6744,TRUE
4339,TRUE
5796,TRUE
630,TRUE
2670,TRUE
201,TRUE
1047,TRUE
244,TRUE
6632,FALSE
3785,FALSE
1300,TRUE
5776,FALSE
6571,TRUE
2703,TRUE
2972,TRUE
990,FALSE
6667,TRUE
1121,FALSE
364,TRUE
1132,FALSE
2838,TRUE
6505,FALSE
5817,TRUE
2333,TRUE
4409,TRUE
4299,TRUE
4799,TRUE
775,TRUE
5436,TRUE
2116,TRUE
6434,TRUE
66,FALSE
3139,FALSE
1931,TRUE
3418,TRUE
2711,TRUE
3684,FALSE
1382,FALSE
4156,FALSE
262,FALSE
2280,TRUE
2253,FALSE
1428,TRUE
3576,FALSE
2493,TRUE
3522,FALSE
2701,FALSE
6641,FALSE
113,FALSE
1501,TRUE
640,TRUE
6359,TRUE
1273,TRUE
3292,FALSE
4394,TRUE
1588,FALSE
2527,TRUE
6054,TRUE
2607,TRUE
2146,FALSE
1613,TRUE
6997,FALSE
909,TRUE
3915,TRUE
6262,TRUE
5907,TRUE
938,FALSE
6285,TRUE
1629,FALSE
440,FALSE
6454,TRUE
6905,FALSE
5455,FALSE
5714,TRUE
841,FALSE
1451,TRUE
620,TRUE
1127,TRUE
1354,FALSE
5918,FALSE
625,FALSE
1581,FALSE
3423,FALSE
7020,TRUE
2175,FALSE
6978,FALSE
5152,TRUE
1569,TRUE
6253,TRUE
7107,FALSE
6274,TRUE
3220,FALSE
507,TRUE
7077,TRUE
4268,TRUE
2445,TRUE
4811,FALSE
4534,FALSE
4609,TRUE
3956,TRUE
4059,FALSE
4781,TRUE
3588,FALSE
4282,TRUE
1282,TRUE
6654,FALSE
2745,TRUE
4990,TRUE
6034,TRUE
5952,FALSE
6736,FALSE
3449,TRUE
869,TRUE
4836,TRUE
3497,TRUE
1248,FALSE
1670,FALSE
2891,FALSE
6917,TRUE
6924,FALSE
3135,TRUE
2487,FALSE
3218,TRUE
2767,FALSE
3091,FALSE
3214,FALSE
3742,FALSE
2513,FALSE
2451,TRUE
4940,TRUE
5983,FALSE
6099,FALSE
4917,FALSE
7105,TRUE
820,TRUE
5306,TRUE
4219,TRUE
1598,TRUE
5803,TRUE
2353,FALSE
6177,TRUE
5906,FALSE
353,TRUE
4169,FALSE
1721,TRUE
4317,FALSE
4955,FALSE
1041,TRUE
2151,TRUE
4587,FALSE
4147,FALSE
1904,TRUE
5250,FALSE
1751,TRUE
738,FALSE
1738,FALSE
2541,TRUE
2100,FALSE
2108,FALSE
571,TRUE
39,FALSE
586,TRUE
3257,TRUE
380,TRUE
4592,TRUE
1988,FALSE
4579,TRUE
1453,TRUE
3860,TRUE
7065,FALSE
5801,TRUE
4677,FALSE
5863,TRUE
1502,TRUE
3939,TRUE
5628,TRUE
5141,TRUE
5067,TRUE
3787,TRUE
1790,FALSE
805,FALSE
5660,TRUE
1982,TRUE
2228,TRUE
1335,TRUE
2528,TRUE
1752,TRUE
4818,TRUE
6721,TRUE
598,FALSE
882,FALSE
3983,TRUE
548,FALSE
5548,FALSE
2482,TRUE
2038,FALSE
3004,TRUE
609,FALSE
2095,FALSE
5108,TRUE
2843,TRUE
4840,TRUE
6850,TRUE
1851,TRUE
3128,FALSE
6466,TRUE
3822,TRUE
3513,TRUE
1505,TRUE
1096,TRUE
994,FALSE
1689,FALSE
1968,FALSE
7109,TRUE
3003,FALSE
2666,FALSE
1480,TRUE
6313,TRUE
1146,FALSE
5107,TRUE
5886,FALSE
1078,FALSE
6728,TRUE
6750,TRUE
3363,TRUE
4187,FALSE
1342,FALSE
1942,TRUE
6425,TRUE
5222,TRUE
686,TRUE
6307,FALSE
5741,TRUE
6813,TRUE
5972,FALSE
6542,FALSE
6330,TRUE
6117,FALSE
2579,FALSE
5615,TRUE
2330,FALSE
1868,TRUE
5853,TRUE
6370,FALSE
4766,TRUE
4678,TRUE
2366,FALSE
2636,TRUE
3486,TRUE
1719,TRUE
4723,TRUE
2755,FALSE
4962,TRUE
5481,FALSE
3749,TRUE
6938,TRUE
168,TRUE
5391,TRUE
5232,TRUE
3471,TRUE
3654,FALSE
6363,TRUE
4516,FALSE
7097,TRUE
5825,TRUE
3464,TRUE
4756,FALSE
136,TRUE
5334,FALSE
1967,TRUE
1527,FALSE
175,FALSE
5204,TRUE
4379,FALSE
2712,TRUE
4421,FALSE
1297,TRUE
5429,TRUE
1929,TRUE
6713,FALSE
4072,TRUE
6171,FALSE
2872,TRUE
1378,TRUE
4588,FALSE
6335,TRUE
460,TRUE
139,TRUE
3059,TRUE
6000,FALSE
1776,TRUE
1668,TRUE
1874,FALSE
5390,TRUE
4094,TRUE
5772,TRUE
5432,FALSE
5567,TRUE
1180,TRUE
1725,TRUE
89,FALSE
4833,TRUE
3955,TRUE
6457,FALSE
6202,TRUE
822,FALSE
6703,TRUE
6704,TRUE
512,TRUE
5632,FALSE
2719,TRUE
4751,TRUE
6297,TRUE
4301,FALSE
3896,FALSE
5030,FALSE
3921,TRUE
2799,TRUE
5148,FALSE
5765,FALSE
4647,TRUE
5068,FALSE
4097,FALSE
332,TRUE
4215,TRUE
3502,TRUE
1818,TRUE
1359,FALSE
4567,TRUE
4524,TRUE
5280,FALSE
2288,TRUE
4164,TRUE
4787,TRUE
2951,TRUE
6965,TRUE
2820,FALSE
5813,TRUE
283,TRUE
4248,TRUE
3380,FALSE
2961,FALSE
1863,TRUE
6145,TRUE
3114,TRUE
2885,FALSE
5194,TRUE
3215,TRUE
6900,TRUE
2547,FALSE
3891,TRUE
2029,TRUE
2553,FALSE
1101,FALSE
6096,TRUE
26,TRUE
3400,FALSE
4852,TRUE
5542,FALSE
6442,TRUE
5380,FALSE
3264,TRUE
966,TRUE
71,FALSE
1890,TRUE
959,TRUE
5573,FALSE
5470,TRUE
895,TRUE
5677,FALSE
2783,FALSE
583,TRUE
3249,TRUE
1277,TRUE
3829,TRUE
4724,FALSE
3062,FALSE
155,FALSE
4314,TRUE
4497,FALSE
1635,TRUE
5297,FALSE
2832,TRUE
1310,TRUE
3836,TRUE
4001,TRUE
101,TRUE
458,FALSE
4496,TRUE
1244,FALSE
4180,FALSE
2123,TRUE
3434,FALSE
2261,FALSE
6680,TRUE
4423,TRUE
4195,FALSE
2987,TRUE
5909,TRUE
3608,FALSE
1648,TRUE
2505,FALSE
1831,TRUE
3173,TRUE
2389,TRUE
6740,TRUE
1907,FALSE
5449,FALSE
826,TRUE
1467,TRUE
6197,FALSE
1649,TRUE
4925,TRUE
19,FALSE
44,TRUE
3884,TRUE
2196,FALSE
2210,TRUE
1694,FALSE
2167,TRUE
1275,TRUE
4218,FALSE
2374,TRUE
3953,FALSE
4486,FALSE
893,TRUE
2176,TRUE
6058,TRUE
3006,TRUE
5052,TRUE
1110,TRUE
3054,TRUE
1364,TRUE
506,FALSE
7013,TRUE
151,FALSE
6393,FALSE
4304,TRUE
4605,TRUE
418,TRUE
3529,FALSE
5310,FALSE
5959,FALSE
6628,TRUE
1046,TRUE
2026,FALSE
2561,FALSE
5633,FALSE
4926,FALSE
4386,TRUE
537,TRUE
403,TRUE
5880,TRUE
1086,TRUE
3115,FALSE
1066,FALSE
1876,FALSE
4987,TRUE
2048,TRUE
6795,TRUE
1263,TRUE
6153,FALSE
179,FALSE
651,TRUE
1797,FALSE
5225,TRUE
4477,FALSE
807,TRUE
1270,TRUE
1388,FALSE
4049,FALSE
5009,FALSE
6951,TRUE
20,FALSE
6488,TRUE
4310,TRUE
731,FALSE
4269,FALSE
2485,FALSE
3690,FALSE
2680,FALSE
275,FALSE
2455,FALSE
1139,TRUE
2824,FALSE
1496,FALSE
5402,FALSE
4007,FALSE
2922,TRUE
218,FALSE
350,FALSE
4398,TRUE
1413,FALSE
6950,FALSE
6988,FALSE
5940,TRUE
1465,FALSE
6451,FALSE
6743,FALSE
3367,FALSE
984,FALSE
6360,TRUE
2798,FALSE
2785,TRUE
5223,FALSE
1328,TRUE
4557,TRUE
668,TRUE
1228,FALSE
3152,TRUE
5199,FALSE
6323,FALSE
1995,TRUE
5802,TRUE
5440,FALSE
3782,FALSE
4325,TRUE
5936,FALSE
3720,TRUE
3743,FALSE
6799,TRUE
5126,TRUE
4154,FALSE
5616,FALSE
5519,FALSE
7082,FALSE
4267,TRUE
3991,FALSE
7057,FALSE
3816,TRUE
6918,TRUE
5760,FALSE
905,FALSE
4617,TRUE
431,FALSE
4420,TRUE
2737,FALSE
5063,FALSE
4118,TRUE
5161,FALSE
5026,TRUE
1463,TRUE
5406,TRUE
521,TRUE
7004,TRUE
334,TRUE
5119,TRUE
3704,TRUE
374,TRUE
1993,TRUE
6696,TRUE
4148,FALSE
3237,TRUE
2702,FALSE
4934,FALSE
281,FALSE
2259,TRUE
6422,FALSE
6512,TRUE
4743,TRUE
6807,TRUE
6586,TRUE
4178,FALSE
3710,TRUE
2085,TRUE
3474,TRUE
4585,FALSE
3813,FALSE
2983,TRUE
5422,TRUE
5900,TRUE
3046,TRUE
5091,TRUE
702,FALSE
2328,FALSE
4234,FALSE
4417,TRUE
3106,FALSE
6435,FALSE
249,FALSE
5036,FALSE
388,TRUE
2382,FALSE
2723,FALSE
3856,TRUE
256,FALSE
5631,TRUE
31,TRUE
2276,TRUE
3619,FALSE
1571,FALSE
688,FALSE
2101,FALSE
5240,TRUE
2546,TRUE
5279,FALSE
2365,TRUE
2329,TRUE
3737,TRUE
2656,FALSE
2155,TRUE
2730,FALSE
3830,TRUE
1562,FALSE
3667,FALSE
6033,TRUE
5658,FALSE
7123,FALSE
861,FALSE
1089,FALSE
3794,FALSE
6534,TRUE
2041,TRUE
6870,TRUE
3919,FALSE
